layer,head,n_trials,mean_delta_p,std_delta_p,mean_abs_delta_p
13,27,50,0.028192000463604927,0.053287867456674576,0.028602156788110733
15,17,50,0.02210691012442112,0.05018748342990875,0.022109201177954674
16,29,50,0.01580721326172352,0.036552660167217255,0.015808017924427986
10,5,50,0.010275816544890404,0.02367653325200081,0.010275822132825851
16,30,50,-0.008496936410665512,0.022749008610844612,0.008497804403305054
21,25,50,-0.0066880774684250355,0.021242698654532433,0.006693084258586168
13,31,50,0.005339472088962793,0.01524001732468605,0.005340402014553547
18,30,50,-0.0051396810449659824,0.015723979100584984,0.005162693094462156
15,1,50,0.005141139030456543,0.01250463631004095,0.005141725763678551
10,6,50,-0.004299527499824762,0.010553747415542603,0.0043042623437941074
10,7,50,0.004222065210342407,0.010350670665502548,0.004236937966197729
15,18,50,-0.004049660172313452,0.011003101244568825,0.00405254028737545
31,14,50,0.0033727276604622602,0.010315111838281155,0.003985089249908924
11,30,50,0.0034858309663832188,0.009416839107871056,0.0034904801286756992
15,13,50,-0.0032419515773653984,0.00930050015449524,0.003250191221013665
15,16,50,0.0032288492657244205,0.007210330106317997,0.0032462729141116142
15,19,50,0.003187366761267185,0.009308964014053345,0.0032070172019302845
20,1,50,-0.0029676961712539196,0.01038638036698103,0.003143811132758856
9,27,50,0.0030031062196940184,0.007028261665254831,0.0030031062196940184
31,0,50,-0.002558558015152812,0.009411527775228024,0.0028411364182829857
11,29,50,0.002741636009886861,0.006416667252779007,0.0028064525686204433
16,28,50,0.002744274213910103,0.005970083177089691,0.00274456012994051
13,22,50,0.0025100267957895994,0.006128915119916201,0.0026712166145443916
14,11,50,0.002631857292726636,0.006441089790314436,0.002631857292726636
13,6,50,0.0020841299556195736,0.0065506515093147755,0.002460106508806348
15,6,50,-0.0022250318434089422,0.006009620148688555,0.0022250318434089422
9,25,50,0.0016500485362485051,0.005417090840637684,0.0020398246124386787
23,23,50,-0.0017179274000227451,0.007585854269564152,0.0019810341764241457
15,2,50,0.0019583881366997957,0.006230853032320738,0.001960007008165121
12,0,50,0.0005802583764307201,0.0047736624255776405,0.0019097900949418545
15,5,50,0.0018474042881280184,0.0046374062076210976,0.0018474042881280184
26,28,50,-0.0016964375972747803,0.011653722263872623,0.0017493569757789373
15,28,50,0.0017401992809027433,0.004476162604987621,0.0017427981365472078
12,12,50,-0.0016904484946280718,0.00461942795664072,0.001741825370118022
14,29,50,0.0017289912793785334,0.00453147990629077,0.0017296778969466686
13,28,50,-0.0016539872158318758,0.004746558144688606,0.0017044460400938988
13,25,50,-0.0016836917493492365,0.004127367865294218,0.001698812237009406
31,30,50,-0.0016023397911339998,0.008270845748484135,0.001690747682005167
31,31,50,0.0016503083752468228,0.004807821474969387,0.0016561138909310102
10,12,50,0.0015849006595090032,0.0036285854876041412,0.0016367423813790083
31,1,50,-0.0015382147394120693,0.005142041016370058,0.0015917206183075905
19,19,50,0.0015483963070437312,0.004066424444317818,0.0015775978099554777
17,8,50,0.001568587962538004,0.0038788849487900734,0.0015690672444179654
16,3,50,-0.0012945496710017323,0.004464176017791033,0.001495183678343892
20,21,50,-0.0014857256319373846,0.005725507624447346,0.0014930403558537364
21,2,50,0.0014506960287690163,0.0037830343935638666,0.0014768576947972178
15,7,50,0.0014712250558659434,0.0036443190183490515,0.0014712250558659434
12,15,50,0.0010342777241021395,0.0035901509691029787,0.0014462459366768599
15,14,50,-0.0013532006414607167,0.0056052496656775475,0.001433798111975193
30,25,50,-0.00035658240085467696,0.006335507612675428,0.001432803925126791
26,15,50,0.0013907802058383822,0.006588707212358713,0.0014304721262305975
31,2,50,0.0011852085590362549,0.0037614863831549883,0.001418350962921977
12,23,50,0.001364724594168365,0.002951008267700672,0.0013679766561836004
15,8,50,0.0011421358212828636,0.0033817009534686804,0.001351710525341332
14,28,50,-0.001346708508208394,0.00330364890396595,0.001346708508208394
12,31,50,-0.0013043605722486973,0.004756983835250139,0.00133343820925802
13,19,50,-0.0009868561755865812,0.004471891559660435,0.0013144910335540771
31,11,50,0.001286892918869853,0.005968363024294376,0.001302235177718103
31,5,50,-0.0009269153815694153,0.0055841063149273396,0.0013010037364438176
21,19,50,0.0012855827808380127,0.003248815890401602,0.001290596672333777
27,6,50,-0.0010488879634067416,0.005409406963735819,0.0012478887801989913
13,29,50,0.0012412631185725331,0.003183790948241949,0.0012421214487403631
11,28,50,0.0011565041495487094,0.0034446807112544775,0.0012320876121520996
10,10,50,-0.000930006499402225,0.0033421677071601152,0.0012074160622432828
20,9,50,-0.0008050763863138855,0.0035858359187841415,0.0011905896244570613
14,10,50,0.001161871012300253,0.0033316670451313257,0.001163232373073697
19,3,50,0.0011164880124852061,0.002996506867930293,0.0011414408218115568
13,17,50,-0.0010554826585575938,0.0029789491090923548,0.0011380660580471158
14,16,50,-0.001125990180298686,0.0030327392742037773,0.0011288273381069303
12,2,50,0.00037018657894805074,0.00319270440377295,0.0011205041082575917
13,24,50,0.0011069405591115355,0.0029734368436038494,0.0011093748034909368
13,16,50,0.0003781962441280484,0.004325733985751867,0.001067686127498746
23,20,50,-0.000811818812508136,0.004364711232483387,0.0010538685601204634
14,27,50,-0.001039779162965715,0.0024416230153292418,0.0010449003893882036
14,8,50,-0.00035144330468028784,0.0031459296587854624,0.0010325146140530705
17,18,50,-0.0008358764462172985,0.0031403503380715847,0.0010278892004862428
12,9,50,-0.0002550733042880893,0.003957301843911409,0.0010270655620843172
20,27,50,0.0010089599527418613,0.003342672251164913,0.0010193288326263428
30,6,50,0.00039996980922296643,0.002995363436639309,0.0010036862222477794
19,8,50,-0.0009864068124443293,0.0027906897012144327,0.000998775940388441
12,16,50,-0.0006324124406091869,0.0037168932612985373,0.0009850477799773216
14,22,50,0.0004869687545578927,0.0035780416801571846,0.0009843027219176292
15,21,50,-0.0009582305210642517,0.002985631814226508,0.0009771371260285378
11,17,50,0.0007695150561630726,0.0024059819988906384,0.0009704685071483254
13,18,50,0.0009198641637340188,0.0024307311978191137,0.0009665322140790522
23,7,50,-0.000942701124586165,0.003602733137086034,0.0009638560004532337
31,7,50,-0.0005364274838939309,0.005257469601929188,0.0009588956600055099
21,31,50,-0.0007410144899040461,0.005523241590708494,0.000943951599765569
21,3,50,-0.0009157753083854914,0.0028584508690983057,0.0009424495510756969
12,26,50,-0.000709261919837445,0.0036826946306973696,0.0009140539332292974
12,6,50,-0.0005573821254074574,0.002487650141119957,0.0009135842556133866
19,17,50,-0.0005349791026674211,0.0026932943146675825,0.0009051430388353765
11,5,50,6.8564411776606e-05,0.0028125522658228874,0.000899488921277225
21,26,50,0.0002727937826421112,0.0030041728168725967,0.0008902621339075267
14,23,50,-0.0006866526673547924,0.002965296618640423,0.0008737683529034257
14,21,50,0.0006979834870435297,0.0021355922799557447,0.0008702671620994806
13,26,50,-0.0008632278186269104,0.001831603585742414,0.0008632325916551054
17,5,50,0.0007639157702215016,0.0025174925103783607,0.000861572043504566
12,11,50,0.00039246678352355957,0.002111665206030011,0.000852164055686444
14,30,50,-0.00031931043486110866,0.0020622091833502054,0.0008511269115842879
14,19,50,0.0008295393199659884,0.0026729812379926443,0.000841462635435164
10,26,50,0.0007857132004573941,0.00205838680267334,0.0008345484966412187
19,20,50,-0.0008023166446946561,0.0019742422737181187,0.0008331441786140203
19,11,50,0.000807951670140028,0.0024548701476305723,0.0008261001203209162
11,4,50,-0.000601152190938592,0.002352739917114377,0.0008172499947249889
21,10,50,0.0008111965726129711,0.0021260236389935017,0.0008156168623827398
12,14,50,-0.0006041037850081921,0.0024067258927971125,0.0008073174976743758
14,7,50,-0.0005409872392192483,0.0017045042477548122,0.0008055365178734064
30,31,50,0.0006004762835800648,0.0025575642939656973,0.0008035755017772317
20,12,50,-0.0007703948067501187,0.003192468546330929,0.0008000039961189032
31,15,50,0.0007837796001695096,0.0026843820232897997,0.0007867145468480885
30,24,50,-0.00052039505681023,0.0030247922986745834,0.0007856166339479387
18,29,50,0.0007594251655973494,0.0024375109933316708,0.0007825827342458069
25,21,50,-0.0007728576892986894,0.0024536459241062403,0.0007746219635009766
14,24,50,0.0007690119673497975,0.0022838355507701635,0.0007702303119003773
21,29,50,-0.0007336402195505798,0.003295909147709608,0.0007659792900085449
20,14,50,-0.00045547366607934237,0.002451989334076643,0.0007610738393850625
22,19,50,0.0007457792526111007,0.002275861334055662,0.0007568180444650352
13,13,50,8.946418529376388e-05,0.0021333983168005943,0.000750093488022685
21,27,50,0.00045053125359117985,0.0033317962661385536,0.0007496845792047679
11,7,50,-0.0006583094364032149,0.0019078617915511131,0.0007491874857805669
12,28,50,-4.845261719310656e-05,0.002540827030315995,0.0007464396767318249
10,24,50,-0.0004899120540358126,0.0024897269904613495,0.0007228564936667681
23,22,50,-7.510304567404091e-05,0.0025983783416450024,0.0007174217607825994
11,20,50,-0.0004969382425770164,0.0020415738690644503,0.0007174205966293812
15,9,50,0.0006916785496287048,0.0016662239795550704,0.0007084441022016108
27,28,50,0.0003359854163136333,0.0023898291401565075,0.0007075393223203719
15,27,50,-0.0005624353652819991,0.002964835148304701,0.0007071602158248425
15,20,50,0.0007032323046587408,0.0014129182090982795,0.0007056260365061462
11,0,50,0.00023037195205688477,0.0019961646758019924,0.000704567413777113
16,2,50,0.00043180942884646356,0.0017518828390166163,0.0006962657207623124
13,15,50,-0.0005933833308517933,0.0031282431446015835,0.0006947445799596608
12,30,50,-0.0006369149778038263,0.0027583532501012087,0.0006941878818906844
10,0,50,-0.0006661415100097656,0.0018376406515017152,0.0006909513613209128
21,1,50,-0.0006370079354383051,0.0023350853007286787,0.0006897890707477927
12,7,50,-0.00024799705715849996,0.0018404711736366153,0.0006892049568705261
12,20,50,-0.0006423568702302873,0.0015149785904213786,0.0006790494662709534
16,31,50,0.0006080579478293657,0.0023243778850883245,0.0006701397942379117
11,3,50,-0.00014567494508810341,0.00207966729067266,0.0006661617662757635
15,0,50,-0.000635510659776628,0.0027381195686757565,0.000664416525978595
16,19,50,3.3768414141377434e-05,0.002299115527421236,0.0006636535981670022
15,12,50,-0.00044961331877857447,0.003451826749369502,0.0006542647024616599
15,10,50,-0.00011756539606722072,0.001575246686115861,0.0006521570612676442
13,23,50,0.0003713107143994421,0.0020773219875991344,0.0006483697798103094
14,6,50,0.0005070269107818604,0.0014320993795990944,0.0006424057646654546
20,11,50,0.00040853978134691715,0.0018560162279754877,0.00064207793911919
11,25,50,-0.00047608374734409153,0.002327147638425231,0.000641999242361635
16,17,50,0.0005881297402083874,0.0016949496930465102,0.0006398975965566933
9,4,50,0.0006225037504918873,0.001390849589370191,0.0006360698025673628
30,29,50,-0.0001458239567000419,0.0022685781586915255,0.0006268072174862027
29,10,50,0.0005620920564979315,0.002260162029415369,0.0006238829810172319
28,20,50,0.0002849102020263672,0.0015083116013556719,0.0006150841945782304
29,25,50,-9.562373452354223e-05,0.0019961781799793243,0.0006144011276774108
13,30,50,-0.00037494779098778963,0.0021048649214208126,0.0006134879658930004
14,18,50,0.0002546072064433247,0.0017349723493680358,0.000613439071457833
10,18,50,-0.00021812916384078562,0.001800372265279293,0.0006132602575235069
12,29,50,0.0001358723675366491,0.0018748092697933316,0.0006131291156634688
6,31,50,0.0005840552039444447,0.0015128134982660413,0.0006066000205464661
13,4,50,0.0005773389129899442,0.001366551499813795,0.0006006848998367786
9,5,50,-0.0005855858325958252,0.001617697300389409,0.0006005728500895202
12,3,50,-3.391027348698117e-05,0.0017137863906100392,0.0006000280263833702
14,12,50,0.0005904269055463374,0.0019862730987370014,0.0005972766666673124
13,10,50,0.00024121046590153128,0.0019913162104785442,0.0005945634911768138
24,21,50,0.0005048787570558488,0.0032466005068272352,0.0005945408483967185
17,12,50,0.0003553330898284912,0.0017848502611741424,0.0005815613549202681
17,15,50,-0.0002702093042898923,0.0022320642601698637,0.000580828171223402
9,13,50,-5.0773622206179425e-05,0.0015650104032829404,0.0005803441745229065
14,9,50,-9.453058009967208e-05,0.002122585428878665,0.0005800414364784956
11,19,50,-0.0005441498942673206,0.0015278689097613096,0.0005797434132546186
10,13,50,0.0005175757687538862,0.0015883463202044368,0.0005700421170331538
25,18,50,0.0001195871809613891,0.0016939133638516068,0.0005686485674232244
10,14,50,-0.0002143836027244106,0.0021881633438169956,0.0005667996592819691
19,2,50,-0.00023766518279444426,0.0019041163614019752,0.0005604839534498751
10,9,50,-0.00015689492283854634,0.0021532634273171425,0.0005580317811109126
11,18,50,0.0005054736393503845,0.0017306661466136575,0.0005541777354665101
17,3,50,-0.00046486020437441766,0.0021070092916488647,0.0005527198081836104
9,16,50,0.0005244624335318804,0.0013293452793732285,0.000544444308616221
12,19,50,-0.000262447603745386,0.0017858474748209119,0.0005440461682155728
10,3,50,-0.0004807937075383961,0.0012088236398994923,0.0005425799172371626
22,0,50,1.345753662462812e-05,0.001691182958893478,0.0005390775040723383
12,8,50,-4.398942110128701e-05,0.0012654709862545133,0.000536757695954293
12,24,50,-0.00029731751419603825,0.0014107292518019676,0.0005332827568054199
11,16,50,0.00042901517008431256,0.0013578487560153008,0.0005314588779583573
16,16,50,-7.13527188054286e-05,0.001482367399148643,0.0005303704529069364
9,29,50,0.0005204427288845181,0.0012802426936104894,0.0005278909229673445
22,3,50,-0.00047201276174746454,0.002983057638630271,0.0005278265452943742
18,12,50,0.0005114424275234342,0.0015805417206138372,0.0005268108798190951
25,23,50,0.0005177652928978205,0.0015546227805316448,0.0005263579078018665
26,13,50,-0.00031959175248630345,0.002012695884332061,0.0005251491093076766
10,2,50,0.00045428992598317564,0.00141836516559124,0.0005250764079391956
13,5,50,-0.000509866455104202,0.0012521692551672459,0.0005226552602835
8,14,50,-7.596016075694934e-05,0.001570903928950429,0.0005212473915889859
26,3,50,-0.00023680328740738332,0.0020549241453409195,0.0005210626404732466
15,26,50,-0.0002511906495783478,0.0013283825246617198,0.0005194807308726013
9,28,50,-0.0001739096624078229,0.0013810275122523308,0.0005175137775950134
10,22,50,5.127072290633805e-05,0.001725764130242169,0.0005166495102457702
14,25,50,-0.0005094051593914628,0.0014656989369541407,0.000516543397679925
14,31,50,6.965756620047614e-05,0.001344136195257306,0.0005137789412401617
15,11,50,-2.1113157345098443e-05,0.0012660102220252156,0.0005101311253383756
30,27,50,0.00044904471724294126,0.001969113014638424,0.0005045461584813893
13,12,50,0.0004394304705783725,0.0022171642631292343,0.0005009949090890586
8,30,50,0.00019655942742247134,0.001429918804205954,0.0004991316818632185
7,22,50,0.0004973483155481517,0.0012323831906542182,0.0004974246257916093
13,2,50,0.0001801419275579974,0.0013036237796768546,0.000495612621307373
14,4,50,9.786367445485666e-05,0.0012390570482239127,0.0004934382159262896
14,5,50,0.0004864180227741599,0.0012672924203798175,0.0004883373039774597
11,11,50,-0.0001915156899485737,0.0015123310731723905,0.000484882591990754
13,0,50,-9.134411811828613e-05,0.0013909951085224748,0.0004836452135350555
13,7,50,-0.0004227626195643097,0.0017206408083438873,0.00048144697211682796
14,0,50,0.00023601412249263376,0.002016780199483037,0.00047931313747540116
13,20,50,0.000287044036667794,0.0011071535991504788,0.0004765772901009768
17,16,50,0.00043703793198801577,0.0017427935963496566,0.0004763865435961634
20,8,50,0.00044203997822478414,0.0012663051020354033,0.0004712343215942383
15,22,50,-0.0004235565720591694,0.0018196188611909747,0.00046875595580786467
11,26,50,0.00029101609834469855,0.001805615145713091,0.0004652857896871865
17,6,50,-8.183002501027659e-05,0.0010934255551546812,0.0004651022027246654
14,15,50,0.0002589070936664939,0.0017048368463292718,0.00046502231271006167
31,25,50,-0.0004085421678610146,0.001481168786995113,0.0004641151463147253
19,16,50,0.00039382337126880884,0.0017138529801741242,0.00046313644270412624
17,20,50,0.00045360682997852564,0.0012319572269916534,0.00046226143604144454
26,10,50,0.00036561727756634355,0.0011580900754779577,0.0004610729229170829
22,30,50,0.00017698407464195043,0.0012864266755059361,0.00045969843631610274
17,27,50,-2.44200236920733e-05,0.0011094703804701567,0.00045688272803090513
11,24,50,-0.0002580976579338312,0.0012104588095098734,0.00045607329229824245
27,21,50,-0.0001941943191923201,0.0013088969280943274,0.00045223237248137593
12,10,50,9.900927398120984e-05,0.0011245980858802795,0.0004519522190093994
28,25,50,0.00024352074251510203,0.0016695436788722873,0.0004472160362638533
30,0,50,0.00042974232928827405,0.001358588575385511,0.00044720410369336605
11,22,50,-0.0001625359000172466,0.0010621324181556702,0.0004465210367925465
29,8,50,-0.0003456377889961004,0.001674107974395156,0.0004449987318366766
12,27,50,3.590464621083811e-05,0.0011743954382836819,0.00044376731966622174
9,6,50,0.0003868353378493339,0.0010981763480231166,0.0004433190915733576
11,27,50,0.00040893079130910337,0.0018713423050940037,0.0004428339016158134
13,3,50,0.00022903562057763338,0.0012247213162481785,0.00043552040006034076
10,15,50,0.00010258435941068456,0.001557632233016193,0.0004321408341638744
19,9,50,-0.00034035564749501646,0.0014521550619974732,0.00042592405225150287
30,13,50,3.143429785268381e-05,0.0012300375383347273,0.0004231155035085976
12,13,50,0.00037980079650878906,0.0012186418753117323,0.0004218578396830708
16,22,50,9.544014756102115e-05,0.001375424675643444,0.0004214894725009799
9,24,50,-0.00014100670523475856,0.0014737744349986315,0.0004193413187749684
14,20,50,-7.761120650684461e-05,0.001037250622175634,0.0004188764141872525
31,3,50,-0.00033717870246618986,0.0015213136794045568,0.0004170441534370184
28,21,50,-0.00022778630955144763,0.0009352372144348919,0.0004166638827882707
21,30,50,-0.0003361427807249129,0.002368156798183918,0.0004138958465773612
17,13,50,0.0004103243409190327,0.0009784232825040817,0.00041376709123142064
12,4,50,0.0003321647527627647,0.001247216947376728,0.0004132819303777069
30,28,50,-5.1281451305840164e-05,0.001243910868652165,0.0004074359021615237
27,20,50,-0.000307151087326929,0.0015156706795096397,0.0004019653715658933
10,19,50,0.0003325855650473386,0.001316008041612804,0.0003989922988694161
31,6,50,0.0003411710204090923,0.0011671343818306923,0.0003944408963434398
12,21,50,0.0003160631749778986,0.0010483551304787397,0.0003885114274453372
8,9,50,0.00013343215687200427,0.0010377413127571344,0.00038817047607153654
27,11,50,-0.00031083941576071084,0.0020729079842567444,0.00038276315899565816
16,6,50,0.00037182332016527653,0.0011703848140314221,0.0003826403699349612
22,9,50,2.3578404579893686e-05,0.001181826344691217,0.0003826391766779125
21,8,50,4.032254219055176e-05,0.001048726262524724,0.00038225293974392116
12,1,50,0.00022989630815573037,0.0010699675185605884,0.000381616351660341
27,7,50,-0.00034064173814840615,0.0018554833950474858,0.0003796064993366599
11,9,50,0.00022763252491131425,0.00107585359364748,0.00037937640445306897
19,13,50,0.0003748416784219444,0.000947297434322536,0.00037902832264080644
26,30,50,-4.1532515751896426e-05,0.0014695344725623727,0.00037566901301033795
22,1,50,6.829500307503622e-06,0.0008896190556697547,0.00037553429137915373
8,22,50,0.0003738617815542966,0.0008951754425652325,0.00037431478267535567
11,6,50,0.00023596406390424818,0.0008824566029943526,0.0003725040005519986
10,17,50,-0.00023977398814167827,0.0009221204090863466,0.0003718578955158591
15,24,50,-1.247882846655557e-05,0.0009825039887800813,0.0003677892673294991
10,25,50,0.000351624476024881,0.0009452978847548366,0.0003654098545666784
11,23,50,-0.00028699636459350586,0.0011104228906333447,0.0003649091813713312
31,24,50,0.0002595710684545338,0.0011514778016135097,0.00036387203726917505
9,30,50,2.799987851176411e-05,0.001274198293685913,0.0003636121691670269
25,11,50,0.00035281776217743754,0.0009411178762093186,0.00036125778569839895
11,2,50,0.0003493010881356895,0.0008866963908076286,0.00036089777131564915
31,22,50,0.00011499047104734927,0.0014565048040822148,0.0003599917981773615
24,20,50,-0.0001512563176220283,0.0011621000012382865,0.0003595936286728829
9,18,50,-0.00020640254660975188,0.0014718752354383469,0.0003595030284486711
7,1,50,-0.000156737572979182,0.0008420326630584896,0.00035943149123340845
8,2,50,-2.1288395146257244e-05,0.0010125079425051808,0.00035873413435183465
30,15,50,-0.0002621471940074116,0.001723228138871491,0.000358487362973392
12,17,50,0.0002827024436555803,0.0015320605598390102,0.00035691738594323397
21,9,50,0.0003557097807060927,0.0008379562059417367,0.0003564489015843719
10,21,50,-0.0001489722781116143,0.0009719658992253244,0.0003561627818271518
22,11,50,-0.00016790389781817794,0.0010430911788716912,0.0003553962742444128
26,0,50,0.00033481241553090513,0.001149200601503253,0.00035416483297012746
11,10,50,-0.00030471800710074604,0.0011065376456826925,0.00035366296651773155
7,5,50,7.430076948367059e-05,0.0008969320333562791,0.00035352230770513415
11,1,50,0.0003097975277341902,0.0009560601320117712,0.0003504598280414939
8,31,50,-5.2677394705824554e-05,0.001080502406693995,0.00034885286004282534
7,28,50,0.00015367985179182142,0.001330681494437158,0.0003486347268335521
28,11,50,-0.00018433570221532136,0.0008388718124479055,0.00034514188882894814
16,0,50,-0.00014207125059328973,0.0009495356935076416,0.00034499168395996094
12,18,50,0.000180016751983203,0.001254917704500258,0.00034470678656361997
25,15,50,0.0002176392008550465,0.0014192743692547083,0.000343927153153345
9,10,50,-0.0002806973352562636,0.0014642365276813507,0.00034231902100145817
9,0,50,-0.000331177725456655,0.0009983545169234276,0.0003420257708057761
31,20,50,-0.00026518464437685907,0.0010616176296025515,0.0003416311810724437
6,2,50,0.0003322780248709023,0.000770897138863802,0.00034028649679385126
16,7,50,0.0003141820488963276,0.0008743343641981483,0.0003392779908608645
20,26,50,-0.0003248953726142645,0.0013440372422337532,0.00033854960929602385
25,16,50,-3.782391650020145e-05,0.0010275878012180328,0.0003380310663487762
30,1,50,-0.0002661919570527971,0.000748060061596334,0.0003376698587089777
9,15,50,0.00016464949294459075,0.0008429482695646584,0.0003360986593179405
20,2,50,0.00025382041349075735,0.000997101771645248,0.00033356904168613255
19,23,50,8.419156074523926e-05,0.0007419583271257579,0.000333424803102389
17,22,50,-0.00018897413974627852,0.0009868367342278361,0.00033094047103077173
10,4,50,-0.00028702616691589355,0.0010201861150562763,0.00033076643012464046
9,7,50,0.00029632210498675704,0.0008608257048763335,0.0003306233847979456
13,8,50,0.0003137814928777516,0.0009253494790755212,0.00033031345810741186
20,23,50,-0.00019273042562417686,0.0008102751453407109,0.00032853841548785567
31,26,50,0.00011527180322445929,0.0011398870265111327,0.0003275120398029685
28,23,50,9.694695472717285e-05,0.0008587779011577368,0.00032592893694527447
10,16,50,0.00030838607926853,0.0009413224179297686,0.0003256976488046348
28,10,50,0.00028605462284758687,0.0008030483731999993,0.00032537459628656507
24,18,50,0.00026221631560474634,0.001022694748826325,0.0003236377378925681
9,8,50,-0.00030437231180258095,0.0011136378161609173,0.00032200096757151186
14,26,50,9.295702329836786e-05,0.0009240121580660343,0.00032047511194832623
24,16,50,0.00019526720279827714,0.0010370465461164713,0.0003201747022103518
8,23,50,-0.0003186643007211387,0.0008499435498379171,0.000318969483487308
9,19,50,0.00020080566173419356,0.000947413092944771,0.0003178358019795269
8,1,50,0.00011277675366727635,0.0008764683734625578,0.00031476496951654553
27,4,50,0.0002849304582923651,0.0009609932894818485,0.00031214355840347707
17,29,50,-0.00021773576736450195,0.0009684343240223825,0.00031166314147412777
18,19,50,-0.000268706091446802,0.000970872410107404,0.0003103077469859272
17,10,50,0.00014805913087911904,0.0010186725994572043,0.00030944228637963533
14,13,50,0.00021325469424482435,0.000864940753672272,0.00030830263858661056
28,27,50,-0.00021788477897644043,0.0012871825601905584,0.00030747533310204744
7,11,50,-0.0002538776316214353,0.0009063567267730832,0.00030364037957042456
10,29,50,0.00020396351465024054,0.0008422359824180603,0.00030294538009911776
7,29,50,-0.0001797163422452286,0.0013332560192793608,0.0003027927887160331
27,8,50,0.00010553717584116384,0.001144335139542818,0.0003022968885488808
11,21,50,0.00010945201211143285,0.0008933021454140544,0.00030200599576346576
28,0,50,-0.00016277670511044562,0.0009176264284178615,0.000299223669571802
16,8,50,0.0001272416120627895,0.0010897472966462374,0.00029915093909949064
7,12,50,0.000280529260635376,0.0008091549389064312,0.000298661005217582
20,20,50,0.00014559864939656109,0.001018317649140954,0.0002974093076772988
11,8,50,4.528045610641129e-05,0.0008756748284213245,0.0002974009548779577
27,16,50,-0.00022871494002174586,0.000785008305683732,0.0002960085985250771
28,18,50,-0.0002428937004879117,0.0007891907589510083,0.0002950263151433319
9,31,50,7.959365757415071e-05,0.0007559944060631096,0.00029405593522824347
9,17,50,-3.386974276509136e-05,0.0008527376921847463,0.00029399394406937063
30,18,50,0.00017054557974915951,0.0008112064097076654,0.00029388428083620965
29,20,50,-0.00019055604934692383,0.0011022641556337476,0.0002925229200627655
8,7,50,0.00023146033345256,0.0008515173103660345,0.0002917516103480011
8,16,50,-0.00010444402869325131,0.0010642544366419315,0.0002904772700276226
6,28,50,0.0001772785180946812,0.0009416980319656432,0.00028941870550625026
18,22,50,7.490158168366179e-05,0.0008762796642258763,0.0002889347088057548
9,22,50,-3.741979526239447e-05,0.0008386541157960892,0.0002873492194339633
17,31,50,-0.000237478016060777,0.0006952900439500809,0.00028675675275735557
17,25,50,9.473562386119738e-06,0.0007510522264055908,0.00028638719231821597
30,26,50,8.330822311108932e-05,0.001273329253308475,0.0002858114312402904
11,12,50,0.00013793230755254626,0.0007969923899509013,0.0002779030764941126
17,4,50,-0.0001947450655279681,0.0008504586876370013,0.00027414559735916555
14,1,50,-0.000266424409346655,0.00087740522576496,0.00027404428692534566
22,14,50,-9.358883107779548e-05,0.001238999073393643,0.0002721643541008234
29,31,50,0.00015964270278345793,0.0008977511897683144,0.00027160404715687037
16,21,50,-0.00021115779236424714,0.0008787636761553586,0.0002712845744099468
30,9,50,-0.00020002484961878508,0.0008557736873626709,0.0002711832639761269
14,2,50,-5.827784480061382e-05,0.0009988256497308612,0.0002704060170799494
9,12,50,9.762406261870638e-05,0.0007450304692611098,0.0002703297068364918
17,21,50,-4.4310094381216913e-05,0.0008685782086104155,0.0002681994519662112
13,21,50,-5.888938972020696e-07,0.0008367130067199469,0.0002653956471476704
8,15,50,-6.78086289553903e-05,0.0009030973305925727,0.00026292086113244295
25,14,50,-2.073407085845247e-05,0.0008639293955639005,0.00026267647626809776
6,29,50,-0.00013930202112533152,0.000916178454644978,0.0002620351442601532
19,14,50,-0.0001989710290217772,0.0006093991687521338,0.00026153444196097553
15,3,50,-0.000215731852222234,0.000690765620674938,0.0002615296980366111
28,15,50,0.00013448357640299946,0.0009607524843886495,0.0002612769603729248
12,22,50,2.9144286600057967e-05,0.0006519147427752614,0.00026081324904225767
9,1,50,0.0001998305378947407,0.0008840371738187969,0.00026067017461173236
13,1,50,-3.4722088457783684e-05,0.0008500891271978617,0.0002602016902528703
8,18,50,-0.000199090238311328,0.0012479100842028856,0.00026015163166448474
10,28,50,-3.945946809835732e-05,0.0007757815765216947,0.00025952220312319696
24,27,50,-0.0002116107934853062,0.000819551176391542,0.00025950907729566097
7,24,50,3.2769443350844085e-05,0.0007349945371970534,0.0002586925111245364
9,14,50,-0.00020596504327841103,0.0009478359716013074,0.0002572870289441198
8,24,50,-0.00012368916941341013,0.0007886706735007465,0.0002572131052147597
9,11,50,6.097555342421401e-06,0.0008125352906063199,0.0002552330552134663
29,23,50,0.00010323285823687911,0.0008104227599687874,0.0002520346606615931
11,13,50,3.581166311050765e-05,0.0008326997049152851,0.00025190235464833677
8,13,50,-0.00016836643044371158,0.0007906963001005352,0.00025178908254019916
18,5,50,-9.520888124825433e-05,0.0007592029287479818,0.000251513731200248
9,2,50,0.00022979617642704397,0.0007363028707914054,0.00025126099353656173
30,30,50,-0.00010220646800007671,0.0007848452078178525,0.0002507937024347484
23,25,50,0.00016646861331537366,0.0006060618907213211,0.00024972439859993756
8,26,50,-0.00014196634583640844,0.0010063486406579614,0.00024924278841353953
13,14,50,-0.00015161991177592427,0.0006304421694949269,0.00024619579198770225
8,20,50,7.754683610983193e-05,0.0006403503939509392,0.00024499534629285336
7,8,50,0.00013824939378537238,0.0007880061748437583,0.0002448654267936945
15,25,50,0.00010167598520638421,0.0007485355017706752,0.00024466513423249125
18,16,50,-0.00017096995725296438,0.0007539626676589251,0.00024461507564410567
22,29,50,-0.00019651770708151162,0.0010273817460983992,0.00024407744058407843
26,23,50,-5.3048133850097656e-05,0.000548970652744174,0.00024082422896753997
26,12,50,-0.0002178084832848981,0.0009967000223696232,0.00024009823391679674
18,14,50,0.00022228718444239348,0.0006704102270305157,0.00023897885694168508
21,12,50,-0.00012776374933309853,0.001086209318600595,0.00023789405531715602
22,27,50,-9.71043118624948e-05,0.0008320703636854887,0.00023512243933510035
24,3,50,-0.0001601374096935615,0.0009958632290363312,0.00023413776943925768
18,23,50,-3.838658449240029e-05,0.0005656308494508266,0.00023393273295369
31,27,50,-0.00022875070862937719,0.0007047447725199163,0.00023183823213912547
12,5,50,7.837295561330393e-05,0.0005250518443062901,0.0002311849530087784
8,25,50,-0.00016916751337703317,0.0006563416682183743,0.0002239870955236256
17,26,50,9.251236770069227e-05,0.0006258257781155407,0.0002236950385849923
26,1,50,-1.8583536075311713e-05,0.0007285955944098532,0.00022282719146460295
7,3,50,-0.00012426376633811742,0.0007487550028599799,0.0002220082242274657
31,13,50,-0.00020848870917689055,0.0009060117299668491,0.00022199272643774748
22,8,50,1.819491444621235e-05,0.0007316055125556886,0.00022132993035484105
7,13,50,-8.854031329974532e-05,0.0009063776233233511,0.00022055268345866352
27,22,50,-0.0001439070765627548,0.0005147706251591444,0.00021936178382020444
28,30,50,-0.00016411066462751478,0.000628599023912102,0.0002189445513067767
13,11,50,-7.894754526205361e-05,0.000585703703109175,0.00021775484492536634
15,31,50,-0.00017663120524957776,0.000732142070773989,0.00021729589207097888
10,30,50,-4.5211316319182515e-05,0.000574992795009166,0.00021677493350580335
7,26,50,-0.00011513113713590428,0.0007269360939972103,0.00021591066615656018
22,28,50,-1.8249749700771645e-05,0.0008017239742912352,0.00021589160314761102
29,28,50,-0.00018339991220273077,0.0005699407192878425,0.000214267973206006
14,3,50,1.4292001651483588e-05,0.0006221591611392796,0.00021366000873968005
22,2,50,-4.226446253596805e-05,0.00047537224600091577,0.0002132821100531146
8,19,50,0.0001155972495325841,0.000986587954685092,0.00021311521413736045
30,16,50,0.00019625901768449694,0.0006813340005464852,0.00021244764502625912
18,4,50,-0.0001780343009158969,0.0007532720919698477,0.0002102541911881417
23,6,50,-0.00010391711839474738,0.0006157856550998986,0.00020981550915166736
10,8,50,-4.39441209891811e-05,0.0005231885006651282,0.0002096092648571357
15,29,50,-0.00019125222752336413,0.0006584392976947129,0.0002085161249851808
16,10,50,7.307768100872636e-05,0.0005903021665289998,0.0002053523057838902
14,14,50,8.88299910002388e-05,0.0006821135757490993,0.00020475625933613628
28,12,50,-4.1257142584072426e-05,0.0005854314076714218,0.0002041113330051303
29,9,50,-0.0001777184079401195,0.00070902518928051,0.00020214676624163985
8,11,50,9.790778130991384e-05,0.0005242203478701413,0.00019741654978133738
27,5,50,-0.00012632131983991712,0.0007238013786263764,0.0001967072457773611
22,18,50,-0.0001493346644565463,0.0006043910980224609,0.0001967012940440327
5,11,50,7.587671461806167e-06,0.0005519906990230083,0.0001939189387485385
16,12,50,-8.767723920755088e-05,0.0007980070658959448,0.00019271970086265355
18,28,50,-9.331107139587402e-05,0.0009230521391145885,0.00019214987696614116
21,14,50,-1.448392822567257e-06,0.0004932598676532507,0.00019123911624774337
10,20,50,5.9636829973896965e-05,0.0007882792851887643,0.000191069848369807
23,27,50,-6.538868183270097e-05,0.0005536365206353366,0.00019089459965471178
8,21,50,-4.248023105901666e-05,0.0005430024466477334,0.00019051671552006155
31,28,50,4.42397576989606e-05,0.0006689867004752159,0.00018808722961694002
29,30,50,-0.00016786814376246184,0.0010270520579069853,0.00018662691581994295
6,25,50,0.00018150210962630808,0.00047159267705865204,0.0001858293981058523
23,5,50,0.00015459895075764507,0.0005942698917351663,0.00018564819765742868
20,24,50,-0.00017282008775509894,0.000526967050973326,0.00018419027037452906
28,13,50,-4.94158266519662e-05,0.0006863317103125155,0.00018400787666905671
2,27,50,-5.364537355490029e-05,0.0006101844483055174,0.0001837718446040526
19,0,50,2.042770393018145e-05,0.0005581457517109811,0.00018318653746973723
5,15,50,-0.00012533068365883082,0.0005890416214242578,0.00018281102529726923
9,9,50,8.137822442222387e-05,0.0004996380303055048,0.00018235325114801526
8,3,50,7.112145249266177e-05,0.0004153084009885788,0.00018104194896295667
10,31,50,-4.315614569350146e-05,0.0005583257297985256,0.00018009901395998895
31,18,50,6.355404912028462e-05,0.0004998205113224685,0.00017968297470360994
11,31,50,0.00012769698514603078,0.00046859943540766835,0.00017917872173711658
15,4,50,9.335160575574264e-05,0.0005088729085400701,0.00017804026720114052
7,4,50,-9.20832171686925e-05,0.0005059665418229997,0.00017715572903398424
9,20,50,0.0001641821872908622,0.00043212686432525516,0.00017692804976832122
20,3,50,0.0001234424125868827,0.0008977532852441072,0.00017564416339155287
24,19,50,-9.139061148744076e-05,0.0007429557736031711,0.0001750946103129536
23,21,50,4.652261850424111e-05,0.00047019400517456234,0.0001748609502101317
22,10,50,-0.00014722705236636102,0.0006155473529361188,0.0001714599202387035
19,15,50,2.452611988701392e-05,0.00047267318586818874,0.00017046689754351974
18,17,50,-0.00012247682025190443,0.0005683627096004784,0.00016973614401649684
8,6,50,9.315610077464953e-05,0.0005324301891960204,0.000169364211615175
31,12,50,-2.1619796825689264e-05,0.00041851948481053114,0.00016861915355548263
22,24,50,-0.00013998984650243074,0.0005999932182021439,0.0001681876165093854
26,27,50,-1.4762877981411293e-05,0.0005208460497669876,0.00016772269736975431
7,2,50,-7.233142969198525e-05,0.00041594155482016504,0.0001671457284828648
20,13,50,-7.095574983395636e-05,0.0005284880171529949,0.00016673326899763197
12,25,50,-1.9128323401673697e-05,0.0003792766365222633,0.00016606569988653064
7,23,50,-5.1753522711806e-05,0.0005377972847782075,0.00016390800010412931
31,29,50,-0.00013688445324078202,0.00044116025674156845,0.00016379953012801707
18,31,50,7.391929830191657e-05,0.0006591257988475263,0.00016349554061889648
7,27,50,-0.000127080682432279,0.0004924198728986084,0.00016331553342752159
26,19,50,-5.95533856539987e-05,0.0005231507821008563,0.000162473923410289
7,25,50,8.802175580058247e-05,0.00037160987267270684,0.0001616334920981899
8,5,50,-8.772969158599153e-05,0.00044566698488779366,0.00016049503756221384
25,13,50,-0.00011647701467154548,0.00047234195517376065,0.00015899896970950067
11,14,50,3.890633524861187e-05,0.00048286092351190746,0.000158189533976838
6,5,50,0.0001425051741534844,0.000508048920892179,0.00015801668632775545
7,0,50,-8.875846833689138e-05,0.00047182259731926024,0.00015701532538514584
3,29,50,3.7782192521262914e-05,0.00045083960867486894,0.00015694380272179842
6,7,50,-0.00014387011469807476,0.000639286357909441,0.00015677094052080065
7,18,50,-5.2510498790070415e-05,0.0005970234051346779,0.00015568852541036904
18,20,50,-1.5054941286507528e-05,0.00052878656424582,0.0001551711611682549
7,6,50,-2.1997690055286512e-05,0.00043831049697473645,0.00015460848226211965
21,28,50,5.184412202652311e-06,0.0004837517044506967,0.00015442966832779348
16,27,50,-0.0001238918339367956,0.0004988205619156361,0.00015365600120276213
31,9,50,0.00013669609325006604,0.0006316392682492733,0.00015261530643329024
4,15,50,4.280924622435123e-05,0.0006543715135194361,0.00015239357890095562
30,12,50,-6.108164961915463e-05,0.00048376814811490476,0.0001515018957434222
8,29,50,3.3345222618663684e-05,0.0004297389241401106,0.00015071392408572137
15,30,50,6.763577403035015e-05,0.0004942201776430011,0.00015054822142701596
9,3,50,-4.46951380581595e-05,0.0005223588086664677,0.00015019298007246107
7,31,50,-4.950404036208056e-05,0.0003727418079506606,0.00014967084280215204
7,21,50,4.575371713144705e-05,0.00043195727630518377,0.00014906763681210577
10,1,50,0.00013679981930181384,0.00035046276752837,0.00014898061635904014
18,8,50,-0.00011046529107261449,0.0004952310118824244,0.00014838576316833496
16,25,50,-5.7175158872269094e-05,0.0005132218939252198,0.0001482272200519219
7,7,50,-4.8971174692269415e-05,0.0005309358239173889,0.00014815331087447703
17,24,50,8.647560753161088e-05,0.0002830109151545912,0.000147806407767348
24,17,50,-3.3603908377699554e-05,0.0003538464370649308,0.00014760374324396253
20,22,50,0.00014421940431930125,0.0004802865150850266,0.00014704227214679122
6,22,50,-0.000113790032628458,0.0005152593948878348,0.00014592408842872828
0,11,50,-4.4764281483367085e-05,0.0004781213356181979,0.00014514803478959948
29,11,50,-0.00013173460320103914,0.00045175544801168144,0.00014514088979922235
29,21,50,-5.5599211918888614e-05,0.00046733886119909585,0.0001449394185328856
28,9,50,0.00010075569298351184,0.00042182381730526686,0.00014488697343040258
27,14,50,3.0707120458828285e-05,0.0003776218509301543,0.00014354825543705374
15,23,50,-3.917217327398248e-05,0.00041176669765263796,0.0001427912648068741
16,18,50,-2.682209014892578e-07,0.0004276085819583386,0.00014264702622313052
30,2,50,-4.1297673305962235e-05,0.00035165835288353264,0.00014232992543838918
20,0,50,-1.9419192540226504e-05,0.0003680193331092596,0.00014231442764867097
2,7,50,-6.957411824259907e-05,0.0004605529538821429,0.0001419198524672538
15,15,50,-7.90166886872612e-05,0.0005507277674041688,0.00014171838120091707
8,17,50,0.00010495304741198197,0.0006928503862582147,0.00014061332331039011
3,22,50,-3.3497809681648505e-07,0.000415193586377427,0.00013934732123743743
28,14,50,4.4097901991335675e-05,0.00033958765561692417,0.00013922929065302014
30,10,50,-5.793571631329542e-07,0.0004128997679799795,0.00013916015450377017
6,13,50,-6.711959576932713e-05,0.0005014652851969004,0.00013894319999963045
27,30,50,-0.00010884046787396073,0.0003547589876689017,0.0001389360404573381
23,4,50,-2.7780532036558725e-05,0.0003330923500470817,0.00013719558774027973
22,31,50,-0.00010214686335530132,0.00032811323762871325,0.00013675808440893888
27,29,50,0.00013270735507830977,0.0003310535103082657,0.00013619064702652395
4,16,50,-4.736542541650124e-05,0.0003620653005782515,0.0001343500625807792
21,7,50,-9.667754056863487e-05,0.00048386535490863025,0.0001338994479738176
16,1,50,-2.8759241104125977e-05,0.00039250386180356145,0.00013321518781594932
6,27,50,2.6891231755143963e-05,0.0004641649720724672,0.0001331329403910786
3,0,50,3.888010905939154e-05,0.0004750993102788925,0.00013302684237714857
14,17,50,9.796142694540322e-05,0.00034223785041831434,0.00013283728912938386
16,5,50,-9.140610927715898e-05,0.00034131889697164297,0.00013194918574299663
26,14,50,-0.00011849761358462274,0.000411486835218966,0.00013153433974366635
28,17,50,6.885528364364291e-06,0.0003351008635945618,0.00013151406892575324
6,19,50,3.844261300400831e-05,0.0003796961100306362,0.0001314067776547745
26,29,50,-7.224082764878403e-06,0.00032734719570726156,0.0001314020191784948
7,10,50,-0.00011802196240751073,0.00045719972695223987,0.0001298093848163262
5,28,50,1.6092062651296146e-05,0.0004084802349098027,0.0001294100220547989
25,17,50,-6.175041198730469e-05,0.0003887275524903089,0.00012895106920041144
23,12,50,-9.691000013845041e-05,0.00045975722605362535,0.00012888193305116147
31,23,50,1.514911673439201e-05,0.0003740957472473383,0.00012805461301468313
2,19,50,-2.563714951975271e-05,0.00043993437429890037,0.00012791156768798828
19,12,50,-8.777499169809744e-05,0.0004106092674192041,0.00012780546967405826
5,13,50,-9.424209565622732e-05,0.00043521629413589835,0.00012773514026775956
30,22,50,4.652977077057585e-05,0.00038490176666527987,0.0001275968534173444
7,15,50,-8.27670100989053e-06,0.0004528556892182678,0.00012558817979879677
30,21,50,6.071090683690272e-05,0.0003594969748519361,0.00012510061787907034
6,26,50,7.306218321900815e-05,0.0003628153062891215,0.0001238477270817384
7,9,50,-6.009817298036069e-05,0.00029726128559559584,0.00012339830573182553
17,9,50,-9.863018931355327e-05,0.00035469248541630805,0.00012258411152288318
22,16,50,0.00010735511750681326,0.000500830530654639,0.00012231589062139392
7,17,50,3.1242369004758075e-05,0.00038802088238298893,0.00012195586896268651
9,21,50,-4.5268534449860454e-05,0.00031878025038167834,0.0001207137102028355
21,5,50,9.425759344594553e-05,0.0003838903794530779,0.00012007594341412187
19,10,50,-7.50124454498291e-05,0.0003337384550832212,0.00011985420860582963
27,1,50,-4.962206003256142e-05,0.000319890707032755,0.00011982202704530209
6,12,50,-9.000301361083984e-05,0.0004258988774381578,0.00011948824248975143
5,14,50,-1.566529317642562e-05,0.00030969001818448305,0.00011904358689207584
30,19,50,1.6590356608503498e-05,0.0003222722443751991,0.00011887907749041915
8,10,50,4.44245342805516e-05,0.00038978923112154007,0.00011864423868246377
8,0,50,4.474163142731413e-05,0.0004303462046664208,0.00011825322872027755
7,20,50,-2.062797466351185e-05,0.0004026149108540267,0.00011777401232393458
13,9,50,-9.034275717567652e-05,0.00035071969614364207,0.0001177299054688774
16,20,50,3.6118031857768074e-05,0.0003774850629270077,0.00011727571836672723
23,29,50,1.81722643901594e-05,0.00037411804078146815,0.00011723518400685862
4,11,50,-7.250785711221397e-05,0.0003502673062030226,0.00011656761489575729
18,24,50,4.873275611316785e-05,0.0003880393342114985,0.00011639118019957095
21,24,50,-6.621122156502679e-05,0.0004909983254037797,0.000116052629891783
30,14,50,-2.3599863197887316e-05,0.00031006510835140944,0.00011578917474253103
28,3,50,-2.031087933573872e-05,0.00028112041763961315,0.00011515617370605469
18,10,50,-6.890892836963758e-05,0.0002628300280775875,0.00011367678962415084
24,24,50,1.2720823178824503e-05,0.00035133358323946595,0.00011360764619894326
6,24,50,-4.5111180952517316e-05,0.0003496983554214239,0.00011315822484903038
10,11,50,-2.7905702154384926e-05,0.00027629995020106435,0.00011289954272797331
28,24,50,6.518244481412694e-05,0.00035521757672540843,0.00011279463797109202
22,25,50,-4.7422647185157984e-05,0.0004381141043268144,0.00011232971883146092
5,31,50,-9.039878932526335e-05,0.00031564864912070334,0.00011209964577574283
24,22,50,-2.8994083550060168e-05,0.0002793584717437625,0.00011200189328519627
5,24,50,-8.00037378212437e-05,0.0004289165954105556,0.00011198997526662424
5,23,50,-1.9437075025052764e-05,0.00039133269456215203,0.00011192679085070267
27,3,50,-5.846619751537219e-05,0.0003677454369608313,0.0001115024060709402
17,17,50,5.30481315763609e-07,0.0002698715543374419,0.00011127829202450812
2,12,50,-3.193020893377252e-05,0.0003073799889534712,0.00011055827053496614
21,15,50,-3.97288786189165e-05,0.00031942795612849295,0.00011053204798372462
8,8,50,-5.4401160014094785e-05,0.0004312105884309858,0.00010970234870910645
24,23,50,1.0335445040254854e-05,0.00036666507367044687,0.00010960817598970607
25,6,50,-9.933472028933465e-05,0.0003690070298034698,0.00010874748113565147
7,19,50,-2.362608938710764e-05,0.0003473524411674589,0.00010826707148225978
6,1,50,-7.82609004090773e-06,0.0003264793485868722,0.00010781645687529817
2,1,50,-4.574775812216103e-05,0.0003356028173584491,0.00010732889495557174
4,26,50,-3.566622763173655e-05,0.00029497226933017373,0.00010600447421893477
25,12,50,1.7036200006259605e-05,0.00036418362287804484,0.00010563731484580785
5,16,50,-5.6759119615890086e-05,0.0002873990451917052,0.00010529875726206228
6,3,50,-3.9330720028374344e-05,0.0002897184749599546,0.00010526538244448602
21,18,50,-4.644989894586615e-05,0.0003151074633933604,0.00010509848652873188
19,18,50,-0.0001021504431264475,0.00022907290258444846,0.00010499000200070441
17,0,50,-6.234884494915605e-05,0.00032780307810753584,0.00010471582208992913
28,29,50,-5.178928404347971e-05,0.00031680098618380725,0.00010449170804349706
5,7,50,-4.99463094456587e-05,0.0004296224797144532,0.00010289430792909116
16,4,50,-2.749681516434066e-05,0.0003766135487239808,0.00010243177530355752
6,14,50,8.679628081154078e-06,0.0002844430855475366,0.00010221362026641145
6,16,50,6.84738188283518e-05,0.0003287387080490589,0.00010212182678515092
8,12,50,-1.92737570614554e-05,0.00028584105893969536,0.00010190963803324848
20,10,50,-7.678032125113532e-05,0.000246475450694561,0.0001017403628793545
10,23,50,7.270574769790983e-06,0.0002542051370255649,0.00010153412586078048
28,22,50,-1.0640621439961251e-05,0.0003192466974724084,0.00010137080971617252
4,25,50,-5.375266118790023e-05,0.00043334270594641566,0.0001013100118143484
8,4,50,-1.4431476301979274e-05,0.0002627131179906428,0.00010122537787538022
22,22,50,-3.3712385629769415e-05,0.0003117796150036156,0.00010117053898284212
24,1,50,-1.0917186955339275e-05,0.00033864862052723765,0.00010106563422596082
22,21,50,-6.628751725656912e-05,0.0002811382000800222,0.00010102033411385491
24,25,50,-1.35266782308463e-05,0.00021100140293128788,0.00010088801354868338
17,19,50,-2.5832652681856416e-05,0.0003273146285209805,0.0001006436359602958
3,18,50,-4.495739995036274e-05,0.00041439960477873683,0.00010027051030192524
30,5,50,-7.849216490285471e-05,0.0003718661027960479,0.00010010480764321983
6,15,50,4.500388968153857e-05,0.00025890523102134466,9.93418725556694e-05
24,26,50,-9.425878488400485e-06,0.0002843830734491348,9.908080392051488e-05
4,22,50,-4.721283767139539e-05,0.0003231170412618667,9.891152149066329e-05
25,20,50,3.1316280910687055e-06,0.00032580082188360393,9.878515993477777e-05
22,12,50,-1.8286705198988784e-06,0.00029394173179753125,9.869813948171213e-05
5,3,50,-9.335637150797993e-05,0.00036059514968656003,9.81461998890154e-05
11,15,50,4.243850526108872e-06,0.00022732892830390483,9.783267887542024e-05
26,26,50,-2.815127299982123e-05,0.00036975357215851545,9.767890151124448e-05
20,25,50,-6.441355071729049e-05,0.0002562279987614602,9.755373321240768e-05
9,23,50,-1.5410185369546525e-05,0.0002679807657841593,9.716630302136764e-05
7,30,50,-5.4928063036641106e-05,0.0003257002681493759,9.664416575105861e-05
28,6,50,-5.28597847733181e-05,0.00028803880559280515,9.66286679613404e-05
4,19,50,2.4071930965874344e-05,0.00029834144515916705,9.632468572817743e-05
16,26,50,7.201433163572801e-06,0.0002980005810968578,9.618639887776226e-05
19,7,50,-7.744431786704808e-05,0.0002425702114123851,9.594559378456324e-05
16,13,50,5.8929919759975746e-05,0.00031907347147352993,9.554147982271388e-05
2,0,50,-4.979014556738548e-05,0.00030141070601530373,9.535193385090679e-05
30,7,50,-5.834579496877268e-05,0.00026363017968833447,9.526967915007845e-05
23,31,50,-3.8088561268523335e-05,0.00024323438992723823,9.52374903135933e-05
5,26,50,1.5515088307438418e-05,0.0002741072094067931,9.473443060414866e-05
2,14,50,5.22041336807888e-05,0.0002332718577235937,9.446144395042211e-05
3,30,50,2.1433829715533648e-06,0.0002628455695230514,9.439468703931198e-05
3,11,50,-6.941795436432585e-05,0.0003079993766732514,9.435653919354081e-05
23,8,50,-6.773591303499416e-05,0.00042351800948381424,9.38308221520856e-05
17,1,50,-3.167033355566673e-05,0.00030667296960018575,9.36400901991874e-05
5,8,50,5.6986809795489535e-05,0.00026099279057234526,9.358644456369802e-05
2,24,50,-5.252361370366998e-05,0.00030377827351912856,9.294033225160092e-05
21,4,50,-1.8424987501930445e-05,0.00027049038908444345,9.287357534049079e-05
20,17,50,-7.979154906934127e-05,0.00035757088335230947,9.274006151827052e-05
2,23,50,-6.10303868597839e-05,0.00036001738044433296,9.238243364961818e-05
6,4,50,-6.3252450672734994e-06,0.00026672217063605785,9.183406655211002e-05
23,24,50,-8.01336791482754e-05,0.0002975797397084534,9.174704609904438e-05
29,14,50,1.0089874194818549e-05,0.0002553262165747583,9.170055272988975e-05
22,13,50,-1.452445940230973e-05,0.00035678118001669645,9.167194366455078e-05
19,26,50,-3.9724112866679206e-05,0.00027595579740591347,9.153962309937924e-05
1,10,50,6.585121354873991e-06,0.0002534655504859984,9.113788837566972e-05
31,4,50,-6.176948227221146e-05,0.00034257833613082767,9.003639570437372e-05
29,22,50,-6.915211997693405e-05,0.00032513635233044624,8.991599315777421e-05
6,18,50,5.720496119465679e-05,0.00025595774059183896,8.974194497568533e-05
27,17,50,-5.01370413985569e-05,0.00031278052483685315,8.973359945230186e-05
24,14,50,-7.716417167102918e-05,0.0002969482447952032,8.97002246347256e-05
6,9,50,4.238843757775612e-05,0.00030200235778465867,8.917808736441657e-05
10,27,50,4.95159620186314e-05,0.00020216856501065195,8.867144788382575e-05
25,19,50,-3.51631642843131e-05,0.0002681045443750918,8.83734246599488e-05
17,7,50,7.752179953968152e-05,0.00021596095757558942,8.814573084237054e-05
4,13,50,-5.7666300563141704e-05,0.00024902683799155056,8.807420817902312e-05
22,4,50,-8.233785592892673e-06,0.0003023470635525882,8.804440585663542e-05
5,18,50,-3.089666279265657e-05,0.0003013099485542625,8.79931467352435e-05
17,23,50,4.9593447329243645e-05,0.00029901976813562214,8.790969877736643e-05
2,28,50,-4.858732063439675e-05,0.0002731647982727736,8.776664617471397e-05
17,14,50,1.4770031157240737e-05,0.0002938267425633967,8.742094360059127e-05
23,28,50,-3.496646968415007e-05,0.00040462566539645195,8.739947952562943e-05
27,9,50,4.935264428240771e-07,0.00028349211788736284,8.73875615070574e-05
24,5,50,-5.099892587168142e-05,0.0003064463671762496,8.729338878765702e-05
22,17,50,-5.027771112509072e-05,0.00028405876946635544,8.700847683940083e-05
18,27,50,-5.9907437389483675e-05,0.0003280307864770293,8.697271550772712e-05
22,15,50,-1.6363859685952775e-05,0.00027255588793195784,8.692383562447503e-05
9,26,50,3.895759437000379e-05,0.00023162974684964865,8.682966290507466e-05
5,12,50,2.0097493688808754e-05,0.0002310933923581615,8.668541704537347e-05
19,25,50,-7.50124454498291e-05,0.0002931380004156381,8.653521217638627e-05
4,29,50,-1.2645721653825603e-05,0.0002708249958232045,8.65316396811977e-05
5,22,50,-6.0818194469902664e-05,0.00035573708009906113,8.652925316710025e-05
2,26,50,-2.584338108135853e-05,0.0003269799053668976,8.520722622051835e-05
1,26,50,-2.03001491172472e-05,0.00027902782312594354,8.517861715517938e-05
6,6,50,4.408836321090348e-05,0.00018494371033739299,8.503913704771549e-05
26,22,50,2.0644663891289383e-05,0.00021291733719408512,8.480787073494866e-05
6,23,50,-5.6068896810756996e-05,0.0003596385067794472,8.462667756248266e-05
27,25,50,-1.3589858838258806e-07,0.0002652884868439287,8.455753413727507e-05
24,9,50,-5.377173511078581e-05,0.0002975116658490151,8.422732207691297e-05
25,7,50,-2.6857853299588896e-05,0.00024192998534999788,8.418798097409308e-05
0,21,50,-2.2197962607606314e-05,0.0002906157460529357,8.397698547923937e-05
23,11,50,-5.636096102534793e-05,0.00031622470123693347,8.374571916647255e-05
3,8,50,1.3335943549463991e-05,0.00024514758842997253,8.370041905436665e-05
6,17,50,-7.254600495798513e-05,0.0004134209593757987,8.306503150379285e-05
5,19,50,-3.6668777738668723e-06,0.0002245555369881913,8.265257201856002e-05
4,17,50,-7.296800504263956e-06,0.0002677128941286355,8.208870713133365e-05
3,25,50,-4.325628106016666e-05,0.0003026855119969696,8.175135008059442e-05
4,0,50,-4.52303902420681e-05,0.0002658992016222328,8.170366345439106e-05
28,26,50,-5.836486707266886e-06,0.00027642547502182424,8.168935892172158e-05
3,24,50,-4.73129766760394e-05,0.0002831989841070026,8.087277092272416e-05
16,15,50,-1.225113828695612e-05,0.0002317966427654028,8.083463035291061e-05
3,20,50,1.5040635844343342e-05,0.00029894683393649757,8.081316627794877e-05
25,5,50,-1.6257763491012156e-05,0.00022167734277900308,8.072614582488313e-05
18,18,50,-2.8755664970958605e-05,0.0002173395623685792,8.0618861829862e-05
23,13,50,-3.322720658616163e-05,0.00018209080735687166,8.030772005440667e-05
30,11,50,-9.075402886082884e-06,0.0002480146358720958,8.024096314329654e-05
17,30,50,-1.1978149814240169e-05,0.0002675032301340252,8.01181813585572e-05
1,21,50,-6.446480983868241e-05,0.00031406295602209866,7.982850365806371e-05
1,4,50,-2.2684334908262827e-05,0.00028680398827418685,7.962107338244095e-05
25,31,50,-6.0170888900756836e-05,0.000229289464186877,7.953524618642405e-05
31,21,50,3.113627462880686e-05,0.00018914016254711896,7.950186409289017e-05
26,21,50,-2.2127627744339406e-05,0.00020990626944694668,7.948637357912958e-05
1,3,50,-2.433896042930428e-05,0.0002788120764307678,7.943510718178004e-05
8,27,50,2.866983322746819e-06,0.00021692441077902913,7.941365038277581e-05
0,26,50,-3.093361738137901e-05,0.0002506455930415541,7.934212771942839e-05
2,6,50,-3.4142733056796715e-05,0.00024645921075716615,7.920384086901322e-05
4,24,50,1.5854836021844676e-07,0.00020364715601317585,7.912516593933105e-05
7,14,50,1.489281657995889e-05,0.0002244345669168979,7.852911949157715e-05
18,25,50,7.523060048697516e-05,0.0001929792488226667,7.844925130484626e-05
1,16,50,-1.1646747225313447e-05,0.00024942177697084844,7.826805085642263e-05
28,28,50,-4.6923159970901906e-05,0.0002497842360753566,7.818937592674047e-05
19,22,50,-3.991365520050749e-05,0.00024426652817055583,7.796526188030839e-05
24,31,50,-6.994247087277472e-05,0.0002833067555911839,7.788420043652877e-05
6,21,50,6.83188454786432e-06,0.00019825261551886797,7.78305548010394e-05
27,26,50,-2.7630328986560926e-05,0.0002476009540259838,7.765769987599924e-05
29,24,50,-1.0285377356922254e-05,0.00019683207210619003,7.750510849291459e-05
29,18,50,-4.0810107748256996e-05,0.0002929774927906692,7.742882007732987e-05
24,8,50,-6.765723082935438e-05,0.00030465758754871786,7.735609688097611e-05
20,31,50,-4.467964026844129e-05,0.000249038974288851,7.708072371315211e-05
27,24,50,-5.359649730962701e-05,0.000270797754637897,7.694720989093184e-05
23,17,50,-4.028916373499669e-05,0.0002634890843182802,7.676720269955695e-05
0,25,50,-4.234314110362902e-05,0.00030318895005621016,7.655143417650834e-05
5,20,50,-1.7076730728149414e-05,0.0002652686962392181,7.653355714865029e-05
26,31,50,2.9718876248807646e-06,0.0002100019482895732,7.645010919077322e-05
0,0,50,-3.3057927794288844e-05,0.00026368018006905913,7.608771556988358e-05
4,10,50,-1.440525011275895e-05,0.0002494732616469264,7.602453115396202e-05
31,16,50,-3.1293631764128804e-05,0.00023724918719381094,7.575154450023547e-05
18,26,50,-1.370787595078582e-05,0.00024187327653635293,7.538914360338822e-05
2,25,50,-2.731919266807381e-05,0.0001950661389855668,7.529855065513402e-05
29,12,50,-7.040262426016852e-05,0.0003491982934065163,7.516145706176758e-05
30,17,50,7.68899917602539e-06,0.00020629478967748582,7.494926103390753e-05
23,9,50,-3.62443934136536e-05,0.00017429914441891015,7.462501525878906e-05
5,25,50,-2.7346610295353457e-05,0.0002037586091319099,7.455825834767893e-05
16,9,50,-5.6437253078911453e-05,0.0002798338246066123,7.415891013806686e-05
1,28,50,-1.2564659073177609e-06,0.00019919162150472403,7.403850759146735e-05
30,23,50,-3.0294657335616648e-05,0.00023636790865566581,7.403492782032117e-05
21,13,50,-3.61597521987278e-05,0.000208851823117584,7.402777555398643e-05
4,8,50,3.201365325367078e-05,0.0002417352661723271,7.39014139981009e-05
6,11,50,-2.738475814112462e-05,0.00025564630050212145,7.388353697024286e-05
3,7,50,-4.640579209080897e-05,0.00030802967376075685,7.371425454039127e-05
0,18,50,-3.496408317005262e-05,0.00024420215049758554,7.36355796107091e-05
0,16,50,-1.622438503545709e-05,0.0002423592086415738,7.341623131651431e-05
28,31,50,3.137707608402707e-05,0.00021086195192765445,7.33554334146902e-05
29,29,50,-5.406260606832802e-05,0.0002948161563836038,7.327199273277074e-05
30,4,50,-5.797982157673687e-05,0.00022813827672507614,7.311224908335134e-05
18,15,50,-1.1751651982194744e-05,0.00021267602278385311,7.303714664885774e-05
2,10,50,-2.1388530512922443e-05,0.00020810474234167486,7.294178067240864e-05
20,7,50,-1.583695484441705e-05,0.00028930880944244564,7.283091690624133e-05
4,31,50,-3.20696817652788e-05,0.00023896536731626838,7.26699799997732e-05
30,3,50,-3.999829277745448e-05,0.00022566916595678777,7.22587137715891e-05
26,7,50,-3.4924745705211535e-05,0.0002517705434001982,7.208943134173751e-05
3,23,50,-8.877515938365832e-06,0.00017948271124623716,7.200121763162315e-05
1,11,50,-2.3268461518455297e-05,0.000279188941931352,7.183432899182662e-05
21,16,50,4.428386819199659e-05,0.00023520091781392694,7.181644468801096e-05
1,30,50,-6.253361789276823e-05,0.00026673931279219687,7.178425585152581e-05
21,0,50,4.037737744511105e-05,0.00018081505550071597,7.169127638917416e-05
3,31,50,1.8572807221062249e-06,0.00021800686954520643,7.162093970691785e-05
3,17,50,-4.5746564865112305e-05,0.00023499372764490545,7.158398511819541e-05
20,30,50,-4.348754737293348e-05,0.0003232124727219343,7.144451228668913e-05
28,8,50,-1.639723814150784e-05,0.00024921944714151323,7.109522994142026e-05
24,2,50,-4.014611113234423e-05,0.00028156640473753214,7.093548629200086e-05
3,6,50,-2.7073621822637506e-05,0.0002064087166218087,7.07519066054374e-05
6,8,50,-3.9662121707806364e-05,0.0002446907456032932,7.062315853545442e-05
5,0,50,-4.225731026963331e-05,0.00022710589109919965,7.022857607807964e-05
7,16,50,-3.70705129171256e-05,0.00019944715313613415,6.998181197559461e-05
20,18,50,-9.4616416390636e-06,0.00023525023425463587,6.991028931224719e-05
26,2,50,-2.1394491341197863e-05,0.00023621843138244003,6.975054566282779e-05
26,25,50,-6.0446262068580836e-05,0.000351294205756858,6.973504787310958e-05
3,13,50,-3.581166311050765e-05,0.0001886137033579871,6.968140951357782e-05
19,4,50,-6.825566379120573e-05,0.00021317093342076987,6.966471846681088e-05
6,20,50,3.99589544031187e-06,0.00019135215552523732,6.963491614442319e-05
1,23,50,-1.6746520486776717e-05,0.00023658941790927202,6.927728827577084e-05
23,16,50,-4.0965082007460296e-05,0.0002852488833013922,6.909370131324977e-05
24,13,50,2.9982327760080807e-05,0.00018606836965773255,6.90448287059553e-05
1,22,50,-1.3306141227076296e-05,0.0001989626616705209,6.886005576234311e-05
22,7,50,-2.079606019833591e-05,0.00019964491366408765,6.882071465952322e-05
23,3,50,3.000497781613376e-05,0.00020346668316051364,6.876706902403384e-05
26,4,50,-6.268620199989527e-05,0.00028774439124390483,6.851077341707423e-05
19,31,50,-2.065181797661353e-05,0.00019352011440787464,6.849288911325857e-05
0,23,50,-1.8799304598360322e-05,0.000201556904357858,6.846189353382215e-05
26,11,50,-3.911733801942319e-05,0.00023076895740814507,6.811857019783929e-05
24,10,50,-6.0706137446686625e-05,0.00027587960357777774,6.807089084759355e-05
27,27,50,-5.423545735538937e-05,0.0002176011330448091,6.787299935240299e-05
27,19,50,8.368492103727476e-07,0.00027754082111641765,6.777286762371659e-05
4,5,50,-8.455514944216702e-06,0.00020214312826283276,6.770729669369757e-05
19,21,50,3.457546335994266e-05,0.0001703041634755209,6.770372419850901e-05
17,11,50,7.030963843135396e-06,0.0002049201721092686,6.755590584361926e-05
27,23,50,-1.242876078322297e-05,0.0002148561179637909,6.747961015207693e-05
0,8,50,-4.679679841501638e-05,0.00024322261742781848,6.726980063831434e-05
2,20,50,-6.768703315174207e-06,0.00019989864085800946,6.698846846120432e-05
2,22,50,1.3155937267583795e-05,0.00018029824423138052,6.681680679321289e-05
28,5,50,-2.137780211342033e-05,0.00018704657850321382,6.662488158326596e-05
0,12,50,-4.158019874012098e-05,0.00023855229665059596,6.662368832621723e-05
2,11,50,-1.9824505216092803e-05,0.00019156138296239078,6.642818334512413e-05
28,19,50,1.2862682297054562e-06,0.00023503400734625757,6.630540156038478e-05
2,18,50,-3.201127037755214e-05,0.0002197700086981058,6.593346915906295e-05
1,18,50,-4.856586383539252e-05,0.00022914109285920858,6.578207103302702e-05
5,9,50,-5.11276739416644e-05,0.0002320854546269402,6.555437721544877e-05
25,22,50,5.080103801446967e-05,0.00028378760907799006,6.554007268277928e-05
27,12,50,-2.1120309611433186e-05,0.00023344425426330417,6.545424548676237e-05
6,10,50,-2.5318860934930854e-05,0.0002490508195478469,6.541133188875392e-05
27,10,50,-2.2392272512661293e-05,0.00023915385827422142,6.538868183270097e-05
25,26,50,-3.060817834921181e-05,0.00024400318216066808,6.535768625326455e-05
29,3,50,-6.21819490334019e-05,0.000220846151933074,6.532907718792558e-05
1,15,50,-3.1903982744552195e-05,0.00026280820020474494,6.531119288410991e-05
1,0,50,-4.358529986348003e-05,0.0002479814866092056,6.526469951495528e-05
0,19,50,-1.1172294762218371e-05,0.00019853012054227293,6.52003291179426e-05
18,13,50,3.2578707759967074e-05,0.0002062981657218188,6.51705267955549e-05
3,19,50,-2.0534991563181393e-05,0.00022862125479150563,6.492376269306988e-05
29,16,50,-4.901289867120795e-05,0.0002229249948868528,6.479859439423308e-05
24,4,50,-5.435466664494015e-05,0.0002397262869635597,6.466865306720138e-05
31,19,50,-1.4117956197878812e-05,0.0001890708226710558,6.446242332458496e-05
29,26,50,3.346681478433311e-05,0.00020928587764501572,6.426095933420584e-05
21,11,50,-3.2310486858477816e-05,0.0001520936784800142,6.423473678296432e-05
29,4,50,-2.5150775400106795e-05,0.00024140406458172947,6.4198968175333e-05
20,5,50,-2.7786492864834145e-05,0.00019757344853132963,6.386161112459376e-05
24,12,50,-4.765629637404345e-05,0.000248089520027861,6.366849265759811e-05
4,6,50,1.287460349885805e-06,0.00018311236635781825,6.341218977468088e-05
4,20,50,-3.6728382838191465e-05,0.00018769742746371776,6.337642844300717e-05
3,14,50,-1.779794729372952e-05,0.00017963643767870963,6.325244612526149e-05
4,9,50,5.3479670896194875e-05,0.00021618577011395246,6.28423658781685e-05
3,5,50,-3.962397750001401e-05,0.00025436223950237036,6.280064553720877e-05
4,14,50,9.50217236095341e-06,0.000151079599163495,6.26122928224504e-05
2,31,50,-2.489924372639507e-05,0.0002353821910219267,6.253123137867078e-05
8,28,50,1.756906567607075e-05,0.00015031690418254584,6.207227852428332e-05
5,21,50,-3.0200480978237465e-05,0.0002557690313551575,6.205320096341893e-05
26,9,50,-6.372928510245401e-06,0.00018475532124284655,6.197213951963931e-05
23,18,50,-5.040526230004616e-05,0.00019799629808403552,6.166577077237889e-05
25,4,50,3.3245087251998484e-05,0.00016869233513716608,6.121635669842362e-05
19,27,50,-4.2016505176434293e-05,0.0001443180226488039,6.107569060986862e-05
19,1,50,-4.463910954655148e-05,0.00019373920804355294,6.079673767089844e-05
1,20,50,-2.226591095677577e-05,0.00017930845206137747,6.073236363590695e-05
1,19,50,-4.4274329411564395e-05,0.00018750163144432008,6.072759788366966e-05
18,3,50,-4.037261169287376e-05,0.0002294788573635742,6.0702561313519254e-05
26,5,50,-2.391099951637443e-05,0.00018878733681049198,6.0517788369907066e-05
1,5,50,-2.619624137878418e-05,0.00019685631559696048,6.050705997040495e-05
3,1,50,-1.4908313460182399e-05,0.00018943301984108984,6.0458183725131676e-05
2,5,50,9.279250662075356e-06,0.0001672709040576592,6.0429574659792706e-05
18,11,50,-1.0026693416875787e-05,0.00018868585175368935,6.035208571120165e-05
4,30,50,-2.018690065597184e-05,0.00018931932572741061,6.0138703702250496e-05
16,14,50,2.9819011615472846e-05,0.0001514402829343453,6.009817298036069e-05
1,6,50,-2.495765693311114e-05,0.00017023118562065065,6.0048103478038684e-05
4,7,50,-1.565814091009088e-05,0.00018272327724844217,6.002545342198573e-05
3,21,50,-1.4841556549072266e-05,0.00017235643463209271,6.001234214636497e-05
3,4,50,1.2154579053458292e-05,0.0001581738470122218,5.993127706460655e-05
29,19,50,-2.649664929776918e-05,0.00023332629643846303,5.962491195532493e-05
21,23,50,9.701251656224485e-06,0.00017685577040538192,5.956649692961946e-05
1,13,50,-2.4666785975568928e-05,0.0001710108481347561,5.945443990640342e-05
22,5,50,-2.568125637480989e-05,0.000232397360377945,5.926728408667259e-05
28,7,50,-2.3417473130393773e-05,0.0001772780524333939,5.909204628551379e-05
1,14,50,-4.612326665665023e-05,0.0002258794120280072,5.908370076213032e-05
2,4,50,-2.5765895770746283e-05,0.00016999269428197294,5.8763027482200414e-05
25,3,50,-2.6010275178123266e-05,0.00018163881031796336,5.84018234803807e-05
26,16,50,-2.2799968064646237e-05,0.00019243087444920093,5.83767905482091e-05
19,6,50,4.442930276127299e-06,0.00014665268827229738,5.831837552250363e-05
6,0,50,-8.573531886213459e-06,0.0002111454086843878,5.826949927723035e-05
31,8,50,-4.5495035010389984e-05,0.00015136695583350956,5.779266211902723e-05
2,17,50,-2.8415917768143117e-05,0.00020154229423496872,5.7789085985859856e-05
22,6,50,-2.9890537916799076e-05,0.00019217378576286137,5.7709217799128965e-05
25,27,50,-2.0908117221551947e-05,0.0001829831162467599,5.7641267630970106e-05
18,7,50,-3.667831333586946e-05,0.00016741195577196777,5.763292210758664e-05
20,28,50,4.420518962433562e-05,0.00017295189900323749,5.7537556131137535e-05
29,2,50,-5.1605702537926845e-06,0.00015132124826777726,5.7450532040093094e-05
23,19,50,-6.5398216975154355e-06,0.00015115609858185053,5.7270528486697e-05
24,11,50,-4.422545316629112e-05,0.00023203295131679624,5.718827378586866e-05
29,17,50,-4.000306216767058e-05,0.00022023187193553895,5.713343489333056e-05
5,2,50,-2.6663541575544514e-05,0.00023102470731828362,5.7090521295322105e-05
29,27,50,-2.9941797038190998e-05,0.0001784491032594815,5.707383024855517e-05
29,0,50,7.491111773560988e-06,0.00018189623369835317,5.7003497204277664e-05
23,2,50,-3.182768705300987e-05,0.00022484996588900685,5.7002307585207745e-05
4,18,50,-2.9972790798638016e-05,0.00017672372632659972,5.692601189366542e-05
24,30,50,4.097581040696241e-05,0.00016829064406920224,5.6906937970779836e-05
19,30,50,-1.8482207451597787e-05,0.0001850329717854038,5.6886674428824335e-05
2,2,50,-2.3552180209662765e-05,0.00021384836873039603,5.686879012500867e-05
28,16,50,-2.9987097150296904e-05,0.00016593484906479716,5.663752381224185e-05
23,1,50,3.254771218053065e-05,0.0001671158242970705,5.607247294392437e-05
18,2,50,-9.557008525007404e-06,0.00016691518248990178,5.589604552369565e-05
5,1,50,-1.112818699766649e-05,0.00016425101784989238,5.5874585086712614e-05
2,16,50,-4.4956206693314016e-05,0.0001738876453600824,5.584478276432492e-05
0,15,50,-4.281997826183215e-05,0.00017365170060656965,5.5599211918888614e-05
4,1,50,1.7974376532947645e-05,0.0001496714394306764,5.5546759540447965e-05
0,24,50,-2.429842970741447e-05,0.00021670470596291125,5.5545569921378046e-05
17,2,50,-3.529787136358209e-06,0.0001764539338182658,5.5543183407280594e-05
26,20,50,3.2354593713534996e-05,0.00014806007675360888,5.529761256184429e-05
3,28,50,-2.8824806577176787e-05,0.0001736996346153319,5.513191354111768e-05
24,29,50,-1.6500949641340412e-05,0.0002263640781166032,5.5031778174452484e-05
23,14,50,-1.6232728739851154e-05,0.00019155883637722582,5.4963828006293625e-05
4,12,50,4.138946678722277e-06,0.000164863740792498,5.492210402735509e-05
22,20,50,1.9322633306728676e-05,0.00018262396042700857,5.4827927669975907e-05
0,30,50,-2.624630906211678e-05,0.00017837001360021532,5.471825716085732e-05
30,8,50,-4.6178101911209524e-05,0.00012786244042217731,5.467057053465396e-05
24,6,50,-1.5450716091436334e-05,0.0002326390240341425,5.455613063531928e-05
3,9,50,-4.099607394891791e-05,0.00017794841551221907,5.446672366815619e-05
30,20,50,-1.8711090888245963e-05,0.00015661638462916017,5.439996675704606e-05
5,5,50,2.9989481845404953e-05,0.00013462893548421562,5.432725083664991e-05
22,23,50,-1.891017018351704e-05,0.0001788981317076832,5.432248144643381e-05
25,25,50,-4.850864570471458e-05,0.00021980471501592547,5.419254375738092e-05
4,2,50,-8.994340532808565e-06,0.00014013588952366263,5.379319190979004e-05
2,13,50,1.489281657995889e-05,0.00014285325596574694,5.368828715290874e-05
27,15,50,-4.75335109513253e-05,0.00021542316244449466,5.3682328143622726e-05
0,20,50,-2.5871991965686902e-05,0.00021938620193395764,5.354285167413764e-05
25,8,50,-4.596352664520964e-05,0.0002198813162976876,5.353331653168425e-05
5,17,50,9.497403880232014e-06,0.00015606245142407715,5.338549453881569e-05
0,17,50,-2.3825168682378717e-05,0.00016154933837242424,5.337715265341103e-05
24,0,50,1.5527009963989258e-05,0.00017022155225276947,5.326867176336236e-05
19,24,50,-3.478527105471585e-06,0.00015473204257432371,5.321025673765689e-05
29,7,50,6.359815415635239e-06,0.00015152727428358048,5.304932710714638e-05
3,26,50,4.720687684311997e-06,0.0001612839987501502,5.2969455282436684e-05
29,13,50,-4.361748869996518e-05,0.00022128298587631434,5.295395749271847e-05
0,3,50,-3.695845589390956e-05,0.00016512784350197762,5.275845614960417e-05
23,15,50,-2.2295713279163465e-05,0.00023516564397141337,5.2741765102837235e-05
21,21,50,-1.2836456335207913e-05,0.0001790947135305032,5.2485465857898816e-05
23,26,50,-1.6332864106516354e-05,0.00018608011305332184,5.2338837122078985e-05
23,0,50,-2.1373032723204233e-05,0.00015726145647931844,5.221247556619346e-05
16,23,50,-2.9405355235212483e-05,0.00019386429630685598,5.220770981395617e-05
1,24,50,-1.5872716176090762e-05,0.00016851020336616784,5.214571865508333e-05
25,30,50,-6.607770956179593e-06,0.0001469514681957662,5.21242618560791e-05
1,1,50,-4.6736000513192266e-05,0.00016927518299780786,5.2114726713625714e-05
20,19,50,-4.576086939778179e-05,0.0001553589099785313,5.17737862537615e-05
0,4,50,-2.4477243641740642e-05,0.0001706963375909254,5.136370600666851e-05
1,12,50,9.13977601157967e-06,0.00013953581219539046,5.12278093083296e-05
18,0,50,-2.4774075427558273e-05,0.0001555746712256223,5.110025449539535e-05
0,13,50,-3.2104253477882594e-05,0.00016128254355862737,5.088686884846538e-05
1,31,50,-2.2995473045739345e-06,0.00016640535613987595,5.0562619435368106e-05
26,18,50,-4.303932291804813e-05,0.00017867126734927297,5.043983401264995e-05
4,23,50,-3.545761137502268e-05,0.00016724312445148826,5.022048935643397e-05
26,6,50,-1.2252330634510145e-05,0.00017199982539750636,5.018472802476026e-05
27,0,50,5.409717687143711e-06,0.00013594565098173916,5.018472802476026e-05
21,17,50,5.5861473811091855e-06,0.0001486335095250979,4.973411705577746e-05
1,7,50,-2.186298388551222e-06,0.0001458863407606259,4.973173054168001e-05
25,29,50,3.483176260488108e-05,0.0002135589747922495,4.969477595295757e-05
4,3,50,-1.9788741667525755e-07,0.0001286471087951213,4.961013837601058e-05
0,7,50,-4.067301779286936e-05,0.00017004767141770571,4.954457108397037e-05
26,24,50,-2.2312402506940998e-05,0.00022126585827209055,4.936337427352555e-05
20,6,50,-3.2949446904240176e-06,0.00016273418441414833,4.906892718281597e-05
0,22,50,-3.552675116225146e-05,0.00015432012150995433,4.8763751692604274e-05
1,2,50,-2.5999546778621152e-05,0.00016799275181256235,4.873752550338395e-05
19,28,50,-8.661747415317222e-06,0.00014056608779355884,4.865646405960433e-05
6,30,50,-2.8351545552141033e-05,0.00012028935452690348,4.8547983169555664e-05
27,2,50,-2.8740167181240395e-05,0.00012450965004973114,4.847168747801334e-05
16,24,50,-4.700422323367093e-06,0.00016030416009016335,4.838586028199643e-05
29,15,50,-4.250884012435563e-05,0.00018058931163977832,4.836201696889475e-05
20,16,50,-4.469156192499213e-05,0.0001664832088863477,4.827737939194776e-05
5,6,50,-9.021759069582913e-06,0.00012500562297645956,4.823684867005795e-05
1,27,50,1.833558053476736e-05,0.00013822593609802425,4.8214198614005e-05
23,30,50,1.5074014299898408e-05,0.00013252049393486232,4.813790292246267e-05
18,6,50,-1.2004375093965791e-05,0.00015796764637343585,4.8129557399079204e-05
3,12,50,-3.4525393857620656e-05,0.00013434233551379293,4.788637306774035e-05
18,1,50,-4.116296622669324e-05,0.00016679211694281548,4.750013249577023e-05
27,18,50,-2.8709173420793377e-05,0.00015589417307637632,4.738449933938682e-05
20,4,50,-3.832340371445753e-05,0.00021570739045273513,4.726171391666867e-05
25,24,50,-1.7076730728149414e-05,0.0001591478503542021,4.717707633972168e-05
19,5,50,-2.053737625828944e-05,0.000133427805849351,4.683017687057145e-05
2,8,50,-2.844691334757954e-05,0.0001577610819367692,4.675507443607785e-05
28,1,50,-2.8371810003591236e-06,0.000164004901307635,4.6353339712368324e-05
22,26,50,-4.1863917431328446e-05,0.00021067942725494504,4.5659540774067864e-05
5,27,50,2.2917985916137695e-05,0.00015108558000065386,4.551291567622684e-05
0,28,50,1.5050172805786133e-05,0.00013116617628838867,4.5367480197455734e-05
18,9,50,2.7310848054185044e-06,0.00015494265244342387,4.523396637523547e-05
2,3,50,-3.0158758818288334e-05,0.0001575344940647483,4.5055152440909296e-05
27,31,50,-1.2326240721449722e-05,0.00015355089271906763,4.501819785218686e-05
3,15,50,1.2305975360504817e-05,0.0001367097720503807,4.498839552979916e-05
16,11,50,-2.5770663341972977e-05,0.0001787161163520068,4.495859320741147e-05
5,30,50,1.5126466678339057e-05,0.0001413133868481964,4.4912099838256836e-05
0,9,50,-3.2036303309723735e-05,0.00015890538634266704,4.44149955001194e-05
3,10,50,-1.1420249848015374e-06,0.00010863377247005701,4.4102667743572965e-05
24,7,50,-1.6642808986944146e-05,0.0001343554467894137,4.400372563395649e-05
4,4,50,-3.123164060525596e-05,0.0001265537430299446,4.387736407807097e-05
20,29,50,2.962350890811649e-06,0.00011078561510657892,4.37438502558507e-05
2,29,50,-1.3196467989473604e-06,0.0001380398462060839,4.367709334474057e-05
4,27,50,-2.4085044060484506e-05,0.00015055880066938698,4.366636130725965e-05
26,17,50,-1.2927055649925023e-05,0.00012621017231140286,4.3392181396484375e-05
1,8,50,2.097725882777013e-05,0.00012261401570867747,4.326701309764758e-05
1,29,50,6.806850478824344e-07,0.0001235886593349278,4.311203883844428e-05
3,2,50,-1.9115210307063535e-05,0.00012740213423967361,4.2933224904118106e-05
5,29,50,-8.95500215847278e-06,0.00012958327715750784,4.286527473595925e-05
18,21,50,-1.1897086551471148e-06,0.0001492029259679839,4.248857658240013e-05
1,25,50,-2.093672810588032e-05,0.000152520282426849,4.227757381158881e-05
29,5,50,-7.194280442490708e-06,0.00012491070083342493,4.200100738671608e-05
0,5,50,-1.8652677681529894e-05,0.00015193739091046154,4.175067078904249e-05
28,4,50,-3.28803071170114e-05,0.00015200080815702677,4.163026824244298e-05
21,22,50,-1.4317035493149888e-05,0.0001188358583021909,4.158973752055317e-05
25,9,50,-2.4263857994810678e-05,0.00015565063222311437,4.143476326134987e-05
29,1,50,-3.498911974020302e-05,0.0001523934624856338,4.138350413995795e-05
1,17,50,-1.6527175830560736e-05,0.00011313981667626649,4.082918167114258e-05
0,29,50,-1.5752315448480658e-05,0.00011138414993183687,4.0490627725375816e-05
31,17,50,2.6249886104778852e-06,0.0001282083976548165,4.03547273890581e-05
20,15,50,-3.268361251684837e-05,0.00012091483949916437,4.025101588922553e-05
0,10,50,-3.461599408183247e-05,0.0001182068299385719,3.968000237364322e-05
26,8,50,-1.6610621969448403e-05,0.00010405192733742297,3.95989409298636e-05
28,2,50,-2.8096437745261937e-05,0.00015525741036981344,3.9521455619251356e-05
17,28,50,-3.0572413379559293e-05,0.0001009687184705399,3.923177791875787e-05
0,1,50,-7.030963843135396e-06,0.00010706829925766215,3.917932554031722e-05
1,9,50,-8.416175774073054e-07,0.00011626169725786895,3.915071647497825e-05
23,10,50,2.2995473045739345e-06,0.00012201932986499742,3.8791895349277183e-05
0,2,50,1.18947027658578e-05,0.0001096615451388061,3.8697718991898e-05
3,27,50,-4.148483185417717e-06,0.00012428523041307926,3.866195766022429e-05
2,15,50,-2.912640593422111e-05,0.00014477757213171571,3.821492282440886e-05
4,28,50,-3.7229060581012163e-06,0.00010824126366060227,3.817439210251905e-05
19,29,50,1.5296936908271164e-05,0.00016062356007751077,3.8032532756915316e-05
25,1,50,-9.150505320576485e-06,0.00010811629908857867,3.792285860981792e-05
4,21,50,-9.709596270113252e-06,0.00010301500878995284,3.773093339987099e-05
5,4,50,1.1254549463046715e-05,0.00010277817636961117,3.764033317565918e-05
2,9,50,-1.849889667937532e-05,0.00011810599244199693,3.756046135094948e-05
25,0,50,-3.006458246090915e-05,0.00014686459326185286,3.7350655475165695e-05
25,2,50,-3.038644717889838e-05,0.00016064643568824977,3.7319659895729274e-05
0,6,50,1.0553598258411512e-05,0.00010051268327515572,3.5444496461423114e-05
25,10,50,-2.25305555545674e-07,0.00011470178287709132,3.511786417220719e-05
3,16,50,8.443594197160564e-06,0.00012291420716792345,3.4662483813008294e-05
0,27,50,-2.2767782866139896e-05,0.00010154493793379515,3.4042597690131515e-05
21,6,50,-1.338243509962922e-05,8.669790986459702e-05,3.402471702429466e-05
2,30,50,5.269050689094001e-07,0.00012365423026494682,3.3707619877532125e-05
24,15,50,2.2264719518716447e-05,0.00010958486382151023,3.3668278774712235e-05
29,6,50,-3.139972614008002e-05,0.00014343191287480295,3.3607484510866925e-05
24,28,50,-1.8055439795716666e-05,0.00014022865798324347,3.2989977626129985e-05
27,13,50,1.561164935992565e-05,8.804126991890371e-05,3.0603408958995715e-05
0,14,50,-4.465579877432901e-06,8.782199438428506e-05,2.9950142561574467e-05
5,10,50,-7.86066084401682e-06,9.441590373171493e-05,2.9370785341598094e-05
3,3,50,-1.4278888556873426e-05,8.003352559171617e-05,2.930402843048796e-05
25,28,50,-9.4616416390636e-06,7.987581193447113e-05,2.5545357857481577e-05
21,20,50,8.219480150728486e-06,9.099412272917107e-05,2.4346112695639022e-05
31,10,50,-1.4680624190077651e-05,7.778502913424745e-05,2.2124051611172035e-05
2,21,50,-1.2743473234877456e-05,5.6826818763511255e-05,1.8548966181697324e-05
0,31,50,-4.577636616431846e-07,6.8598028519772924e-06,2.079010073430254e-06
