q_id,trial_idx,n_demos,prompt_token_len,target_id,pred_id,correct_top1,p_target,target_str,target_token,pred_token
Q18,0,9,79,18137,16763,0,0.14387746155261993, hay, hay, grass
Q3,1,9,84,58989,40005,0,0.11823943257331848, Cage, Cage, Nest
Q4,2,9,87,6896,6896,1,0.37685173749923706, pet, pet, pet
Q17,3,9,79,23243,23243,1,0.6989864706993103, fork, fork, fork
Q5,4,9,82,54796,54796,1,0.3542269766330719, Darkness, Darkness, Darkness
Q10,5,9,84,13952,13952,1,0.2456950843334198, forest, forest, forest
Q13,6,9,84,64191,64191,1,0.9667794704437256, Deer, Deer, Deer
Q3,7,9,83,11422,45520,0,0.053283385932445526, rainforest, rain, jungle
Q18,8,9,79,44196,44196,1,0.7694332003593445, banana, banana, banana
Q1,9,9,84,39406,39406,1,0.9975301623344421, lamb, lamb, lamb
Q3,10,9,83,11422,45520,0,0.03428962454199791, rainforest, rain, jungle
Q10,11,9,84,15739,15739,1,0.2820614278316498, Kennel, Kenn, Kenn
Q7,12,9,86,11452,11452,1,0.9835326671600342, Head, Head, Head
Q13,13,9,84,60981,72519,0,0.3627144396305084, frog, frog, Frog
Q10,14,9,83,11427,11427,1,0.364344984292984, savanna, sav, sav
Q17,15,9,79,5684,5684,1,0.5729278326034546, paper, paper, paper
Q1,16,9,84,42289,42289,1,0.7668254971504211, puppy, puppy, puppy
Q8,17,9,83,469,469,1,0.9339850544929504, Eucalyptus, E, E
Q1,18,9,83,282,282,1,0.9912712574005127, fawn, f, f
Q18,19,9,79,75294,75294,1,0.5679830312728882, carrot, carrot, carrot
Q14,20,9,80,18618,6007,0,3.072410254389979e-05, gate, gate, TV
Q4,21,9,87,33012,33012,1,0.7108893394470215, sheep, sheep, sheep
Q12,22,9,84,58989,58989,1,0.26359668374061584, Cage, Cage, Cage
Q4,23,9,86,27217,34880,0,0.006681663915514946, Trainee, Train, athlete
Q16,24,9,82,14535,14535,1,0.7563868761062622, legs, legs, legs
Q4,25,9,86,16587,16587,1,0.5173819661140442, swimmer, swim, swim
Q12,26,9,83,13952,5021,0,0.09326876699924469, forest, forest, tree
Q10,27,9,84,24521,24521,1,0.8187848329544067, desert, desert, desert
Q5,28,9,82,10164,10164,1,0.36102041602134705, Water, Water, Water
Q18,29,9,79,17604,3691,0,0.003854449838399887, cheese, cheese, food
Q6,30,9,81,1183,1183,1,0.5256640315055847, Trunk, Tr, Tr
Q6,31,9,82,63961,33578,0,0.008218244649469852, Finger, Finger, Palm
Q6,32,9,81,445,66821,0,0.01801043003797531, Lashes, L, Iris
Q17,33,9,79,3090,3090,1,0.361191064119339, water, water, water
Q5,34,9,81,46332,43754,0,0.0011553398799151182, Rumor, Rum, Fiction
Q17,35,9,79,19724,23243,0,0.06232171878218651, soup, soup, fork
Q1,36,9,84,42289,42289,1,0.7812902331352234, puppy, puppy, puppy
Q9,37,9,84,13378,13378,1,0.7768707871437073, wine, wine, wine
Q10,38,9,82,36670,36670,1,0.3517160713672638, pond, pond, pond
Q12,39,9,84,84441,84441,1,0.42214375734329224, Stable, Stable, Stable
Q17,40,9,79,92154,4632,0,0.0012197362957522273, tripod, tripod, film
Q11,41,9,85,18317,18317,1,0.6182126998901367, Plant, Plant, Plant
Q3,42,9,84,36670,36670,1,0.31924673914909363, pond, pond, pond
Q17,43,9,79,6007,6007,1,0.39973291754722595, TV, TV, TV
Q10,44,9,84,95552,18945,0,0.0010450442787259817, Shed, Shed, Farm
Q12,45,9,82,58989,40005,0,0.049171797931194305, Cage, Cage, Nest
Q4,46,9,86,62930,11323,0,0.02381475456058979, Climber, Clim, clim
Q9,47,9,84,16385,37547,0,0.08292219042778015, bread, bread, pasta
Q3,48,9,84,58989,58989,1,0.1501578688621521, Cage, Cage, Cage
Q10,49,9,85,18943,62283,0,0.0008682247716933489, Bow, Bow, aquarium
Q11,50,9,85,17019,17019,1,0.6207658648490906, Fish, Fish, Fish
Q17,51,9,79,23243,23243,1,0.6827071309089661, fork, fork, fork
Q3,52,9,84,36670,36670,1,0.4710496664047241, pond, pond, pond
Q18,53,9,79,7795,7795,1,0.3300824463367462, fish, fish, fish
Q14,54,9,80,32926,16893,0,0.11304202675819397, Wine, Wine, bottle
Q7,55,9,86,15819,15819,1,0.836427628993988, Foot, Foot, Foot
Q6,56,9,82,79174,79174,1,0.9368391633033752, Mane, Mane, Mane
Q4,57,9,87,8893,8893,1,0.6794896125793457, patient, patient, patient
Q7,58,9,85,468,468,1,0.8254274725914001, Wrist, W, W
Q7,59,9,86,13287,13287,1,0.8531461954116821, Arm, Arm, Arm
Q11,60,9,85,9119,9119,1,0.7611330151557922, Tree, Tree, Tree
Q18,61,9,79,44196,44196,1,0.7934160232543945, banana, banana, banana
Q16,62,9,82,42871,15489,0,0.1520945280790329, Chest, Chest, chest
Q17,63,9,79,1401,1401,1,0.9470415711402893, key, key, key
Q17,64,9,79,92154,4632,0,0.001402858062647283, tripod, tripod, film
Q13,65,9,84,17810,17810,1,0.9092875719070435, Cat, Cat, Cat
Q12,66,9,84,15739,4783,0,0.04431182146072388, Kennel, Kenn, House
Q3,67,9,83,16763,8494,0,0.06162828207015991, grassland, grass, Australia
Q17,68,9,79,19724,23243,0,0.04854613542556763, soup, soup, fork
Q5,69,9,82,54796,54796,1,0.3877002000808716, Darkness, Darkness, Darkness
Q3,70,9,84,36670,36670,1,0.5348418951034546, pond, pond, pond
Q8,71,9,87,469,469,1,0.9353495836257935, Eucalyptus, E, E
Q11,72,9,85,17019,17019,1,0.5914419293403625, Fish, Fish, Fish
Q9,73,9,84,17604,17604,1,0.48804566264152527, cheese, cheese, cheese
Q4,74,9,86,16587,16587,1,0.6340855360031128, swimmer, swim, swim
Q6,75,9,81,445,66821,0,0.02630569040775299, Lashes, L, Iris
Q13,76,9,84,49654,49654,1,0.8690641522407532, Pig, Pig, Pig
Q14,77,9,80,39736,15845,0,0.0005121756694279611, elevator, elevator, shirt
Q16,78,9,82,2010,2010,1,0.5506208539009094, head, head, head
Q1,79,9,83,282,282,1,0.9885377883911133, fawn, f, f
Q6,80,9,82,63961,33578,0,0.016925787553191185, Finger, Finger, Palm
Q5,81,9,82,9240,12634,0,0.07092014700174332, Rest, Rest, Energy
Q17,82,9,78,2781,2781,1,0.49224114418029785, eraser, er, er
Q6,83,9,81,1183,1183,1,0.5123375058174133, Trunk, Tr, Tr
Q13,84,9,84,24941,24941,1,0.889046311378479, Bear, Bear, Bear
Q17,85,9,79,23243,23243,1,0.6652303338050842, fork, fork, fork
Q13,86,9,83,55376,79189,0,0.011521472595632076, Kangaroo, Kang, Elephant
Q1,87,9,82,342,342,1,0.9972068667411804, gosling, g, g
Q3,88,9,84,24521,24521,1,0.8445796966552734, desert, desert, desert
Q8,89,9,86,95392,64646,0,0.01391011755913496, Vegetable, Vegetable, Salad
Q14,90,9,80,32926,55085,0,0.10927467793226242, Wine, Wine, Bottle
Q13,91,9,83,55376,79189,0,0.038921453058719635, Kangaroo, Kang, Elephant
Q9,92,9,84,80247,80247,1,0.4446010887622833, tofu, tofu, tofu
Q13,93,9,84,64191,64191,1,0.9704502820968628, Deer, Deer, Deer
Q10,94,9,84,3623,18945,0,0.10713338106870651, Coop, Co, Farm
Q10,95,9,82,16763,8494,0,0.04774855449795723, grassland, grass, Australia
Q17,96,9,79,1401,1401,1,0.9748913049697876, key, key, key
Q8,97,9,79,95392,64646,0,0.015363313257694244, Vegetable, Vegetable, Salad
Q1,98,9,84,8945,10003,0,0.07009980827569962, baby, baby, daughter
Q6,99,9,82,63961,33578,0,0.01967894658446312, Finger, Finger, Palm
Q1,100,9,84,8945,10003,0,0.07149107754230499, baby, baby, daughter
Q13,101,9,84,2418,2418,1,0.9476296305656433, Man, Man, Man
Q11,102,9,85,17019,17019,1,0.6333490014076233, Fish, Fish, Fish
Q12,103,9,83,11422,45520,0,0.04034207761287689, rainforest, rain, jungle
Q7,104,9,86,6952,6952,1,0.9576597213745117, Ear, Ear, Ear
Q18,105,9,79,75294,75294,1,0.582639753818512, carrot, carrot, carrot
Q9,106,9,84,13378,13378,1,0.7205423712730408, wine, wine, wine
Q6,107,9,82,63961,33578,0,0.01789153553545475, Finger, Finger, Palm
Q4,108,9,87,33012,33012,1,0.8111318349838257, sheep, sheep, sheep
Q8,109,9,86,44925,44925,1,0.5387545228004456, Milk, Milk, Milk
Q14,110,9,80,6134,88949,0,0.17890062928199768, door, door, suitcase
Q14,111,9,80,55807,15845,0,0.08762867748737335, Shirt, Shirt, shirt
Q17,112,9,79,5684,5684,1,0.6090273261070251, paper, paper, paper
Q9,113,9,84,11033,11033,1,0.8761855959892273, coffee, coffee, coffee
Q7,114,9,85,468,468,1,0.6486536264419556, Wrist, W, W
Q14,115,9,80,6134,88949,0,0.09388536214828491, door, door, suitcase
Q10,116,9,83,36670,36670,1,0.3328365087509155, pond, pond, pond
Q4,117,9,87,8945,6896,0,0.12398579716682434, baby, baby, pet
Q7,118,9,86,91034,7765,0,0.0809696763753891, Legs, Legs, Leg
Q8,119,9,81,20671,20671,1,0.6890638470649719, Blood, Blood, Blood
Q18,120,9,79,16763,16763,1,0.8078382015228271, grass, grass, grass
Q7,121,9,85,468,468,1,0.6899339556694031, Wrist, W, W
Q9,122,9,84,11033,11033,1,0.9199861884117126, coffee, coffee, coffee
Q17,123,9,79,6007,6007,1,0.38923943042755127, TV, TV, TV
Q6,124,9,81,1183,1183,1,0.5711874961853027, Trunk, Tr, Tr
Q6,125,9,81,1183,1183,1,0.5662235021591187, Trunk, Tr, Tr
Q1,126,9,84,42289,42289,1,0.7118669748306274, puppy, puppy, puppy
Q18,127,9,79,17604,17604,1,0.8457478880882263, cheese, cheese, cheese
Q10,128,9,82,84441,84441,1,0.3411933481693268, Stable, Stable, Stable
Q8,129,9,90,20671,11344,0,0.34352168440818787, Blood, Blood, Human
Q9,130,9,84,20673,20673,1,0.5016622543334961, jam, jam, jam
Q3,131,9,84,18943,20904,0,0.0031287907622754574, Bow, Bow, Bowl
Q18,132,9,79,7795,7795,1,0.45757633447647095, fish, fish, fish
Q11,133,9,85,79189,79189,1,0.9317185878753662, Elephant, Elephant, Elephant
Q3,134,9,84,58989,13180,0,0.07232540845870972, Cage, Cage, sky
Q14,135,9,80,33993,33993,1,0.39802658557891846, Belt, Belt, Belt
Q9,136,9,82,597,597,1,0.6175568103790283, kethup, k, k
Q8,137,9,83,95392,64646,0,0.026203779503703117, Vegetable, Vegetable, Salad
Q4,138,9,87,6896,6896,1,0.44965997338294983, pet, pet, pet
Q1,139,9,84,39406,39406,1,0.9963778853416443, lamb, lamb, lamb
Q5,140,9,82,24062,9439,0,0.07323282212018967, Cold, Cold, cold
Q14,141,9,80,30695,30695,1,0.2502950131893158, jar, jar, jar
Q1,142,9,84,19250,19250,1,0.9934797286987305, cub, cub, cub
Q4,143,9,86,27217,34880,0,0.005298650357872248, Trainee, Train, athlete
Q11,144,9,85,43786,43786,1,0.9748854041099548, Flower, Flower, Flower
Q3,145,9,84,36670,36670,1,0.26544395089149475, pond, pond, pond
Q16,146,9,82,2547,2547,1,0.4414796531200409, body, body, body
Q16,147,9,82,43096,6548,0,0.41967999935150146, Eyes, Eyes, eyes
Q5,148,9,81,95951,24032,0,0.02978159487247467, Antibody, Antib, bacteria
Q18,149,9,79,7795,7795,1,0.37039390206336975, fish, fish, fish
Q16,150,9,82,2547,2547,1,0.4487640857696533, body, body, body
Q17,151,9,79,19724,23243,0,0.0835270881652832, soup, soup, fork
Q4,152,9,87,50298,22641,0,0.02519841305911541, Plants, Plants, gard
Q16,153,9,82,44055,13272,0,0.3456377387046814, Neck, Neck, neck
Q4,154,9,86,27217,34880,0,0.004609845578670502, Trainee, Train, athlete
Q12,155,9,84,18435,62283,0,0.11444982886314392, ocean, ocean, aquarium
Q13,156,9,84,24941,24941,1,0.6932947039604187, Bear, Bear, Bear
Q18,157,9,79,36581,17604,0,0.0059706405736505985, vegetable, vegetable, cheese
Q7,158,9,86,15819,15819,1,0.8558438420295715, Foot, Foot, Foot
Q17,159,9,79,5684,5684,1,0.7024362683296204, paper, paper, paper
Q7,160,9,85,468,468,1,0.3446801006793976, Wrist, W, W
Q8,161,9,83,45419,12369,0,0.007567450404167175, Cheese, Cheese, Food
Q18,162,9,79,16763,16763,1,0.6854403018951416, grass, grass, grass
Q10,163,9,84,13952,5021,0,0.08136995881795883, forest, forest, tree
Q3,164,9,84,24521,24521,1,0.796237587928772, desert, desert, desert
Q12,165,9,83,11422,5021,0,0.02968512661755085, rainforest, rain, tree
Q7,166,9,86,8704,8704,1,0.9352637529373169, Hand, Hand, Hand
Q14,167,9,80,18618,6007,0,5.0156239012721926e-05, gate, gate, TV
Q8,168,9,83,44925,44925,1,0.5143299102783203, Milk, Milk, Milk
Q12,169,9,83,18435,18435,1,0.3835218548774719, ocean, ocean, ocean
Q11,170,9,85,69254,69254,1,0.9364981055259705, Camel, Camel, Camel
Q7,171,9,86,63961,8704,0,0.04589639976620674, Finger, Finger, Hand
Q18,172,9,79,44196,44196,1,0.7864410281181335, banana, banana, banana
Q18,173,9,79,14403,14403,1,0.5797642469406128, milk, milk, milk
Q10,174,9,82,95552,24561,0,0.0012933650286868215, Shed, Shed, Past
Q13,175,9,83,55376,79189,0,0.025919441133737564, Kangaroo, Kang, Elephant
Q4,176,9,87,3016,8893,0,0.015021102502942085, client, client, patient
Q11,177,9,85,6898,6898,1,0.37522566318511963, Ant, Ant, Ant
Q10,178,9,82,16763,8494,0,0.0732765942811966, grassland, grass, Australia
Q18,179,9,79,36581,33566,0,0.01558130793273449, vegetable, vegetable, salad
Q12,180,9,84,84441,84441,1,0.3492692708969116, Stable, Stable, Stable
Q16,181,9,82,44055,44055,1,0.5962192416191101, Neck, Neck, Neck
Q17,182,9,79,5684,5684,1,0.7545799612998962, paper, paper, paper
Q10,183,9,81,15739,4783,0,0.10656037926673889, Kennel, Kenn, House
Q5,184,9,82,95265,3090,0,7.548414578195661e-05, firefighter, firefighter, water
Q1,185,9,82,342,342,1,0.9944624304771423, gosling, g, g
Q6,186,9,82,63961,33578,0,0.025303993374109268, Finger, Finger, Palm
Q12,187,9,83,36670,36670,1,0.49414095282554626, pond, pond, pond
Q6,188,9,82,37179,37179,1,0.3540860712528229, Tail, Tail, Tail
Q9,189,9,84,32656,32656,1,0.429215669631958, candy, candy, candy
Q18,190,9,79,75294,75294,1,0.5497047901153564, carrot, carrot, carrot
Q7,191,9,86,13287,13287,1,0.9105406403541565, Arm, Arm, Arm
Q9,192,9,84,17604,17604,1,0.599902331829071, cheese, cheese, cheese
Q17,193,9,79,6007,6007,1,0.34857049584388733, TV, TV, TV
Q14,194,9,80,68181,34647,0,0.013991067185997963, Shoe, Shoe, strap
Q18,195,9,79,16763,16763,1,0.7995418310165405, grass, grass, grass
Q8,196,9,90,76924,76924,1,0.8592156767845154, Banana, Banana, Banana
Q7,197,9,86,13287,13287,1,0.8916064500808716, Arm, Arm, Arm
Q12,198,9,84,24521,24521,1,0.7442570924758911, desert, desert, desert
Q18,199,9,78,5405,16763,0,0.00123391964007169, clover, clo, grass
Q7,200,9,86,91034,7765,0,0.07312674820423126, Legs, Legs, Leg
Q13,201,9,84,64191,64191,1,0.9690291285514832, Deer, Deer, Deer
Q1,202,9,83,79340,79340,1,0.4314933121204376, eaglet, eag, eag
Q4,203,9,86,16587,16587,1,0.5906302332878113, swimmer, swim, swim
Q11,204,9,85,38530,38530,1,0.9303451776504517, Bee, Bee, Bee
Q12,205,9,83,11427,11427,1,0.41405853629112244, savanna, sav, sav
Q8,206,9,88,3341,3341,1,0.8581674098968506, Carrot, Car, Car
Q9,207,9,84,17604,17604,1,0.486989825963974, cheese, cheese, cheese
Q9,208,9,84,32656,32656,1,0.41835927963256836, candy, candy, candy
Q3,209,9,83,11422,45520,0,0.05110665783286095, rainforest, rain, jungle
Q3,210,9,84,36670,36670,1,0.4464460015296936, pond, pond, pond
Q9,211,9,84,32656,32656,1,0.5633631944656372, candy, candy, candy
Q4,212,9,87,8945,6896,0,0.10705715417861938, baby, baby, pet
Q16,213,9,82,2547,2547,1,0.4831603765487671, body, body, body
Q3,214,9,84,58989,13180,0,0.023970726877450943, Cage, Cage, sky
Q17,215,9,79,1401,1401,1,0.9615904092788696, key, key, key
Q6,216,9,82,30502,30502,1,0.803874135017395, Shell, Shell, Shell
Q12,217,9,83,11422,5021,0,0.05520114302635193, rainforest, rain, tree
Q7,218,9,86,11452,11452,1,0.9725890755653381, Head, Head, Head
Q13,219,9,84,64191,64191,1,0.9813650250434875, Deer, Deer, Deer
Q16,220,9,82,42871,42871,1,0.2593538165092468, Chest, Chest, Chest
Q13,221,9,84,60981,72519,0,0.2846358120441437, frog, frog, Frog
Q4,222,9,87,50298,22641,0,0.04251539707183838, Plants, Plants, gard
Q17,223,9,79,1401,1401,1,0.9654210209846497, key, key, key
Q18,224,9,78,5405,16763,0,0.0008390360162593424, clover, clo, grass
Q16,225,9,82,14535,14535,1,0.5796508193016052, legs, legs, legs
Q11,226,9,85,43786,43786,1,0.979496419429779, Flower, Flower, Flower
Q17,227,9,79,34812,34812,1,0.5245522856712341, Arrow, Arrow, Arrow
Q11,228,9,85,17019,17019,1,0.7621634006500244, Fish, Fish, Fish
Q3,229,9,83,11427,11427,1,0.16721111536026, savanna, sav, sav
Q5,230,9,81,95951,25474,0,0.02040787599980831, Antibody, Antib, vaccine
Q8,231,9,90,45419,45419,1,0.9180695414543152, Cheese, Cheese, Cheese
Q4,232,9,87,8945,8945,1,0.26148226857185364, baby, baby, baby
Q16,233,9,82,14535,14535,1,0.6961296796798706, legs, legs, legs
Q14,234,9,80,33993,19671,0,0.19884039461612701, Belt, Belt, belt
Q17,235,9,79,5684,5684,1,0.6945770978927612, paper, paper, paper
Q6,236,9,81,2893,79976,0,0.1511114537715912, Beak, Be, Feather
Q13,237,9,84,60981,72519,0,0.31031736731529236, frog, frog, Frog
Q18,238,9,79,18137,75294,0,0.12259399890899658, hay, hay, carrot
Q6,239,9,81,68617,445,0,0.06257016956806183, Lobes, Lob, L
Q4,240,9,87,8945,6896,0,0.1147407665848732, baby, baby, pet
Q12,241,9,81,11427,11427,1,0.2999088168144226, savanna, sav, sav
Q8,242,9,88,6515,18878,0,0.19736124575138092, Acorn, Ac, Nut
Q10,243,9,85,84441,84441,1,0.2853879928588867, Stable, Stable, Stable
Q13,244,9,84,25525,25525,1,0.9444162249565125, Woman, Woman, Woman
Q4,245,9,86,62930,31070,0,0.02877405844628811, Climber, Clim, tourist
Q6,246,9,82,37179,61071,0,0.2965984344482422, Tail, Tail, Paw
Q12,247,9,81,84441,84441,1,0.42835718393325806, Stable, Stable, Stable
Q7,248,9,86,15819,15819,1,0.8195312023162842, Foot, Foot, Foot
Q7,249,9,86,11452,11452,1,0.9793964624404907, Head, Head, Head
Q1,250,9,84,77757,77757,1,0.9902002215385437, kitten, kitten, kitten
Q17,251,9,79,1401,1401,1,0.9436876177787781, key, key, key
Q17,252,9,79,3090,3090,1,0.45813992619514465, water, water, water
Q7,253,9,86,8704,8704,1,0.9600186944007874, Hand, Hand, Hand
Q14,254,9,80,39736,15845,0,0.019876033067703247, elevator, elevator, shirt
Q14,255,9,80,30695,30695,1,0.2095756232738495, jar, jar, jar
Q9,256,9,84,16385,20415,0,0.13471727073192596, bread, bread, flour
Q9,257,9,84,11033,11033,1,0.8122372031211853, coffee, coffee, coffee
Q12,258,9,84,18435,62283,0,0.12815600633621216, ocean, ocean, aquarium
Q6,259,9,81,2893,35622,0,0.1460621953010559, Beak, Be, Wing
Q8,260,9,89,98028,98028,1,0.98833829164505, Bamboo, Bamboo, Bamboo
Q7,261,9,86,91034,7765,0,0.09505004435777664, Legs, Legs, Leg
Q10,262,9,84,84441,84441,1,0.4289211928844452, Stable, Stable, Stable
Q16,263,9,82,19109,19109,1,0.5856990814208984, Face, Face, Face
Q7,264,9,85,468,468,1,0.6829686164855957, Wrist, W, W
Q14,265,9,80,39736,15845,0,0.0019526637624949217, elevator, elevator, shirt
Q13,266,9,84,60981,72519,0,0.3487725853919983, frog, frog, Frog
Q4,267,9,87,8945,8945,1,0.36780738830566406, baby, baby, baby
Q12,268,9,82,58989,58989,1,0.23115088045597076, Cage, Cage, Cage
Q12,269,9,83,58989,13180,0,0.04830531030893326, Cage, Cage, sky
Q12,270,9,83,13952,5021,0,0.1152186393737793, forest, forest, tree
Q10,271,9,82,11422,60763,0,0.0026099274400621653, rainforest, rain, Jungle
Q12,272,9,82,11427,11427,1,0.2245514690876007, savanna, sav, sav
Q17,273,9,79,19724,23243,0,0.04680541530251503, soup, soup, fork
Q17,274,9,79,23243,23243,1,0.7197274565696716, fork, fork, fork
Q16,275,9,82,7693,7693,1,0.5803955793380737, feet, feet, feet
Q4,276,9,87,8893,8893,1,0.8191343545913696, patient, patient, patient
Q6,277,9,81,1183,1183,1,0.5291560292243958, Trunk, Tr, Tr
Q18,278,9,79,75294,75294,1,0.5664377808570862, carrot, carrot, carrot
Q14,279,9,80,3053,6017,0,0.020543139427900314, Can, Can, Book
Q9,280,9,84,13378,13378,1,0.8857377767562866, wine, wine, wine
Q13,281,9,84,34392,34392,1,0.9755411148071289, Horse, Horse, Horse
Q12,282,9,84,24521,24521,1,0.7134960889816284, desert, desert, desert
Q18,283,9,79,18137,16763,0,0.20534385740756989, hay, hay, grass
Q7,284,9,85,468,468,1,0.7127833962440491, Wrist, W, W
Q14,285,9,80,39736,15845,0,0.0025084621738642454, elevator, elevator, shirt
Q14,286,9,80,18618,6007,0,8.707775850780308e-05, gate, gate, TV
Q3,287,9,84,36670,36670,1,0.33073264360427856, pond, pond, pond
Q3,288,9,83,11422,45520,0,0.042164042592048645, rainforest, rain, jungle
Q5,289,9,82,54796,54796,1,0.38978421688079834, Darkness, Darkness, Darkness
Q16,290,9,82,2547,2547,1,0.3125555217266083, body, body, body
Q13,291,9,84,17810,17810,1,0.9359691739082336, Cat, Cat, Cat
Q5,292,9,82,22674,22674,1,0.5299225449562073, Rain, Rain, Rain
Q13,293,9,84,64191,64191,1,0.8948041200637817, Deer, Deer, Deer
Q7,294,9,85,468,468,1,0.8251070380210876, Wrist, W, W
Q11,295,9,85,6898,763,0,0.2273404598236084, Ant, Ant, In
Q6,296,9,82,66255,93223,0,0.06655709445476532, Mouth, Mouth, Nose
Q4,297,9,87,50298,22641,0,0.0405634306371212, Plants, Plants, gard
Q4,298,9,86,16587,16587,1,0.6050843596458435, swimmer, swim, swim
Q16,299,9,82,42871,2547,0,0.08774343132972717, Chest, Chest, body
Q18,300,9,79,36581,75294,0,0.008399824611842632, vegetable, vegetable, carrot
Q7,301,9,86,13287,13287,1,0.847500741481781, Arm, Arm, Arm
Q11,302,9,85,64191,22353,0,0.10008808225393295, Deer, Deer, Bull
Q1,303,9,84,19250,19250,1,0.9974985718727112, cub, cub, cub
Q3,304,9,83,11422,45520,0,0.056091971695423126, rainforest, rain, jungle
Q11,305,9,85,24214,24214,1,0.5709369778633118, Bird, Bird, Bird
Q3,306,9,84,36670,36670,1,0.6218452453613281, pond, pond, pond
Q16,307,9,82,7693,7693,1,0.5540878176689148, feet, feet, feet
Q3,308,9,84,18435,18435,1,0.2814777195453644, ocean, ocean, ocean
Q1,309,9,84,42289,42289,1,0.6852332949638367, puppy, puppy, puppy
Q5,310,9,82,9240,12634,0,0.09815017879009247, Rest, Rest, Energy
Q1,311,9,82,342,342,1,0.9943301677703857, gosling, g, g
Q8,312,9,83,98028,98028,1,0.9680721163749695, Bamboo, Bamboo, Bamboo
Q12,313,9,84,36670,36670,1,0.34119778871536255, pond, pond, pond
Q14,314,9,80,6134,88949,0,0.16661705076694489, door, door, suitcase
Q14,315,9,80,55807,55807,1,0.1997402310371399, Shirt, Shirt, Shirt
Q13,316,9,84,24941,24941,1,0.9244722723960876, Bear, Bear, Bear
Q5,317,9,82,95265,3090,0,6.392694194801152e-05, firefighter, firefighter, water
Q14,318,9,80,39736,15845,0,0.000928990135435015, elevator, elevator, shirt
Q9,319,9,84,32656,32656,1,0.4311903417110443, candy, candy, candy
Q5,320,9,81,95951,24032,0,0.0935286357998848, Antibody, Antib, bacteria
Q16,321,9,82,14535,14535,1,0.6366607546806335, legs, legs, legs
Q18,322,9,79,36581,33566,0,0.013096614740788937, vegetable, vegetable, salad
Q3,323,9,84,95552,89355,0,3.288353400421329e-05, Shed, Shed, pasture
Q16,324,9,82,19109,19109,1,0.4790574312210083, Face, Face, Face
Q18,325,9,79,14403,14403,1,0.6137929558753967, milk, milk, milk
Q12,326,9,85,58989,23634,0,0.06255725026130676, Cage, Cage, nest
Q16,327,9,82,2010,2010,1,0.703781008720398, head, head, head
Q1,328,9,83,7802,7802,1,0.9219520092010498, joey, jo, jo
Q9,329,9,84,20673,20673,1,0.5320911407470703, jam, jam, jam
Q11,330,9,85,79189,79189,1,0.9806960225105286, Elephant, Elephant, Elephant
Q18,331,9,79,16763,16763,1,0.9228318333625793, grass, grass, grass
Q6,332,9,81,1183,1183,1,0.4871803820133209, Trunk, Tr, Tr
Q10,333,9,85,13952,13952,1,0.3885611295700073, forest, forest, forest
Q16,334,9,82,42871,2547,0,0.04607774317264557, Chest, Chest, body
Q18,335,9,79,7795,7795,1,0.2785034477710724, fish, fish, fish
Q12,336,9,84,58989,23634,0,0.03308676928281784, Cage, Cage, nest
Q3,337,9,84,18943,20904,0,0.0018676701001822948, Bow, Bow, Bowl
Q7,338,9,85,468,468,1,0.5978261232376099, Wrist, W, W
Q17,339,9,79,6007,6007,1,0.38031506538391113, TV, TV, TV
Q11,340,9,85,64191,22353,0,0.04204850271344185, Deer, Deer, Bull
Q16,341,9,82,14535,14535,1,0.5812571048736572, legs, legs, legs
Q8,342,9,86,3341,3341,1,0.7354708909988403, Carrot, Car, Car
Q6,343,9,81,68617,445,0,0.07147936522960663, Lobes, Lob, L
Q18,344,9,79,16763,16763,1,0.8071686029434204, grass, grass, grass
Q18,345,9,79,36581,33566,0,0.013415700756013393, vegetable, vegetable, salad
Q7,346,9,86,6952,6952,1,0.954781711101532, Ear, Ear, Ear
Q9,347,9,84,11033,11033,1,0.9045788049697876, coffee, coffee, coffee
Q14,348,9,80,9145,25567,0,0.01235736533999443, bag, bag, pants
Q5,349,9,82,24062,9439,0,0.08258932083845139, Cold, Cold, cold
Q8,350,9,84,469,469,1,0.9252554178237915, Eucalyptus, E, E
Q5,351,9,82,24062,9439,0,0.08019028604030609, Cold, Cold, cold
Q12,352,9,83,13952,13952,1,0.2338673621416092, forest, forest, forest
Q7,353,9,86,11452,11452,1,0.9790286421775818, Head, Head, Head
Q9,354,9,84,80247,80247,1,0.5743327140808105, tofu, tofu, tofu
Q14,355,9,80,39736,8814,0,0.0245505403727293, elevator, elevator, mouse
Q10,356,9,83,24521,24521,1,0.8253938555717468, desert, desert, desert
Q14,357,9,80,32926,55085,0,0.14514939486980438, Wine, Wine, Bottle
Q11,358,9,85,64191,22353,0,0.05739634484052658, Deer, Deer, Bull
Q9,359,9,84,20673,20673,1,0.40209144353866577, jam, jam, jam
Q10,360,9,84,24521,24521,1,0.698513388633728, desert, desert, desert
Q10,361,9,83,11427,11427,1,0.3336505591869354, savanna, sav, sav
Q9,362,9,84,20673,20673,1,0.4487864673137665, jam, jam, jam
Q6,363,9,82,63961,33578,0,0.026305658742785454, Finger, Finger, Palm
Q4,364,9,87,8945,8945,1,0.27565234899520874, baby, baby, baby
Q9,365,9,84,16385,20415,0,0.27541929483413696, bread, bread, flour
Q1,366,9,84,77757,77757,1,0.9787261486053467, kitten, kitten, kitten
Q7,367,9,86,91034,7765,0,0.09411422908306122, Legs, Legs, Leg
Q17,368,9,79,1401,1401,1,0.9693707823753357, key, key, key
Q11,369,9,85,38530,38530,1,0.9511327147483826, Bee, Bee, Bee
Q4,370,9,87,50298,23251,0,0.029874520376324654, Plants, Plants, Gard
Q4,371,9,87,8945,6896,0,0.17892949283123016, baby, baby, pet
Q11,372,9,85,17019,17019,1,0.8052408695220947, Fish, Fish, Fish
Q14,373,9,80,32926,16893,0,0.1259341537952423, Wine, Wine, bottle
Q7,374,9,85,468,468,1,0.261536180973053, Wrist, W, W
Q12,375,9,84,24521,24521,1,0.7559881806373596, desert, desert, desert
Q6,376,9,82,75528,75528,1,0.5180240869522095, Nail, Nail, Nail
Q17,377,9,79,5684,5684,1,0.7846581339836121, paper, paper, paper
Q5,378,9,82,95265,3090,0,7.037805335130543e-05, firefighter, firefighter, water
Q10,379,9,82,3623,83170,0,0.1024593934416771, Coop, Co, coop
Q6,380,9,82,79174,79174,1,0.9320059418678284, Mane, Mane, Mane
Q6,381,9,82,63961,33578,0,0.02507234551012516, Finger, Finger, Palm
Q6,382,9,82,79174,79174,1,0.9157612919807434, Mane, Mane, Mane
Q17,383,9,79,92154,4632,0,0.0009118347661569715, tripod, tripod, film
Q13,384,9,84,2418,2418,1,0.9653624892234802, Man, Man, Man
Q9,385,9,84,13378,13378,1,0.7825930714607239, wine, wine, wine
Q18,386,9,79,36581,75294,0,0.016385698691010475, vegetable, vegetable, carrot
Q16,387,9,82,1450,6206,0,0.030078623443841934, hand, hand, hands
Q7,388,9,86,15819,15819,1,0.6378776431083679, Foot, Foot, Foot
Q9,389,9,84,11033,11033,1,0.890974223613739, coffee, coffee, coffee
Q18,390,9,78,5405,16763,0,0.0011706061195582151, clover, clo, grass
Q13,391,9,84,49654,49654,1,0.8451075553894043, Pig, Pig, Pig
Q11,392,9,85,38530,38530,1,0.9366034269332886, Bee, Bee, Bee
Q14,393,9,80,68181,30077,0,0.04594437777996063, Shoe, Shoe, shoe
Q8,394,9,88,95392,64646,0,0.016792181879281998, Vegetable, Vegetable, Salad
Q3,395,9,83,11427,11427,1,0.30388492345809937, savanna, sav, sav
Q5,396,9,82,54796,54796,1,0.43363139033317566, Darkness, Darkness, Darkness
Q16,397,9,82,1450,6206,0,0.034570563584566116, hand, hand, hands
Q3,398,9,84,18435,18435,1,0.17903542518615723, ocean, ocean, ocean
Q9,399,9,82,597,597,1,0.47544899582862854, kethup, k, k
Q6,400,9,82,79174,79174,1,0.923854410648346, Mane, Mane, Mane
Q8,401,9,89,6515,6515,1,0.5236926078796387, Acorn, Ac, Ac
Q6,402,9,82,37179,37179,1,0.38838571310043335, Tail, Tail, Tail
Q5,403,9,82,95265,3090,0,3.391691279830411e-05, firefighter, firefighter, water
Q18,404,9,79,7795,7795,1,0.37544888257980347, fish, fish, fish
Q11,405,9,85,43786,43786,1,0.9687373638153076, Flower, Flower, Flower
Q4,406,9,87,8945,8945,1,0.21432021260261536, baby, baby, baby
Q16,407,9,81,469,25212,0,0.15380804240703583, Ears, E, ears
Q5,408,9,82,95265,3090,0,2.7429487090557814e-05, firefighter, firefighter, water
Q9,409,9,84,32656,32656,1,0.4133755564689636, candy, candy, candy
Q17,410,9,79,34812,34812,1,0.6015228629112244, Arrow, Arrow, Arrow
Q5,411,9,82,10164,10164,1,0.24817435443401337, Water, Water, Water
Q3,412,9,84,18435,18435,1,0.45436891913414, ocean, ocean, ocean
Q8,413,9,91,30451,30451,1,0.8143795728683472, Mulberry, Mul, Mul
Q8,414,9,82,30451,30451,1,0.9199701547622681, Mulberry, Mul, Mul
Q16,415,9,82,2547,2547,1,0.4394265115261078, body, body, body
Q16,416,9,82,43096,43096,1,0.4835835099220276, Eyes, Eyes, Eyes
Q13,417,9,84,25525,25525,1,0.8927357792854309, Woman, Woman, Woman
Q1,418,9,83,7802,7802,1,0.9000677466392517, joey, jo, jo
Q3,419,9,84,95552,89355,0,6.577835301868618e-05, Shed, Shed, pasture
Q14,420,9,80,6134,6134,1,0.17394334077835083, door, door, door
Q14,421,9,80,55807,55807,1,0.22855006158351898, Shirt, Shirt, Shirt
Q7,422,9,86,15819,15819,1,0.7122461199760437, Foot, Foot, Foot
Q3,423,9,83,11422,45520,0,0.06920724362134933, rainforest, rain, jungle
Q17,424,9,79,23243,23243,1,0.5521758794784546, fork, fork, fork
Q13,425,9,84,84008,84008,1,0.9635565876960754, Sheep, Sheep, Sheep
Q4,426,9,87,10099,10065,0,0.24891231954097748, animals, animals, animal
Q12,427,9,85,24521,24521,1,0.8672066926956177, desert, desert, desert
Q18,428,9,79,14403,14403,1,0.6143860816955566, milk, milk, milk
Q4,429,9,87,8893,8893,1,0.7364725470542908, patient, patient, patient
Q6,430,9,81,1183,1183,1,0.5764825940132141, Trunk, Tr, Tr
Q9,431,9,82,597,597,1,0.6065950989723206, kethup, k, k
Q16,432,9,81,469,25212,0,0.22503504157066345, Ears, E, ears
Q6,433,9,82,66255,8602,0,0.04013079032301903, Mouth, Mouth, Che
Q10,434,9,84,11427,11427,1,0.2243148684501648, savanna, sav, sav
Q4,435,9,86,27217,34880,0,0.002828368218615651, Trainee, Train, athlete
Q10,436,9,85,18943,81422,0,0.001957220956683159, Bow, Bow, Aquarium
Q3,437,9,84,95552,8961,0,4.268810880603269e-05, Shed, Shed, farm
Q11,438,9,85,18317,18317,1,0.41224998235702515, Plant, Plant, Plant
Q13,439,9,83,55376,58937,0,0.006490888074040413, Kangaroo, Kang, Monkey
Q3,440,9,84,18943,62283,0,0.0011421130038797855, Bow, Bow, aquarium
Q14,441,9,80,30695,30695,1,0.19077765941619873, jar, jar, jar
Q12,442,9,82,95552,89355,0,0.0006019333377480507, Shed, Shed, pasture
Q10,443,9,83,36670,36670,1,0.2765985429286957, pond, pond, pond
Q12,444,9,83,15739,15739,1,0.28259196877479553, Kennel, Kenn, Kenn
Q7,445,9,86,8704,8704,1,0.9428595304489136, Hand, Hand, Hand
Q1,446,9,82,342,342,1,0.9977939128875732, gosling, g, g
Q10,447,9,82,16763,8494,0,0.07758748531341553, grassland, grass, Australia
Q18,448,9,79,75294,75294,1,0.5488869547843933, carrot, carrot, carrot
Q17,449,9,78,2781,2781,1,0.5160795450210571, eraser, er, er
Q4,450,9,87,33012,33012,1,0.6428943872451782, sheep, sheep, sheep
Q7,451,9,86,8704,8704,1,0.9496349692344666, Hand, Hand, Hand
Q5,452,9,82,22674,22674,1,0.6344859600067139, Rain, Rain, Rain
Q7,453,9,86,63961,8704,0,0.03566182404756546, Finger, Finger, Hand
Q16,454,9,82,7693,7693,1,0.6461148858070374, feet, feet, feet
Q7,455,9,86,6952,6952,1,0.9608587026596069, Ear, Ear, Ear
Q14,456,9,80,55807,15845,0,0.17681817710399628, Shirt, Shirt, shirt
Q14,457,9,80,39736,15845,0,0.00025441928301006556, elevator, elevator, shirt
Q12,458,9,82,3623,83170,0,0.04112939536571503, Coop, Co, coop
Q8,459,9,84,45419,12369,0,0.00852868054062128, Cheese, Cheese, Food
Q11,460,9,85,69254,69254,1,0.9557234048843384, Camel, Camel, Camel
Q17,461,9,79,32095,32095,1,0.757473886013031, nail, nail, nail
Q10,462,9,84,36670,36670,1,0.5191166400909424, pond, pond, pond
Q14,463,9,80,3053,649,0,0.03915373235940933, Can, Can, can
Q13,464,9,84,24941,24941,1,0.9170700907707214, Bear, Bear, Bear
Q3,465,9,84,95552,89355,0,0.00016641411639284343, Shed, Shed, pasture
Q1,466,9,82,342,342,1,0.9979945421218872, gosling, g, g
Q4,467,9,87,6896,6896,1,0.4075315296649933, pet, pet, pet
Q9,468,9,84,18414,18414,1,0.9424920678138733, chocolate, chocolate, chocolate
Q12,469,9,85,18943,81422,0,0.0014410153962671757, Bow, Bow, Aquarium
Q7,470,9,86,13287,13287,1,0.917259931564331, Arm, Arm, Arm
Q13,471,9,84,84008,84008,1,0.9120052456855774, Sheep, Sheep, Sheep
Q1,472,9,84,19250,19250,1,0.9963217973709106, cub, cub, cub
Q3,473,9,83,3623,18945,0,0.08179863542318344, Coop, Co, Farm
Q10,474,9,82,18943,81422,0,0.0008774182060733438, Bow, Bow, Aquarium
Q8,475,9,84,98028,98028,1,0.9628192782402039, Bamboo, Bamboo, Bamboo
Q10,476,9,82,84441,84441,1,0.5211654901504517, Stable, Stable, Stable
Q13,477,9,84,2418,2418,1,0.8302811980247498, Man, Man, Man
Q7,478,9,86,8704,8704,1,0.9609713554382324, Hand, Hand, Hand
Q6,479,9,81,445,66821,0,0.01803678460419178, Lashes, L, Iris
Q4,480,9,87,8945,8945,1,0.23502233624458313, baby, baby, baby
Q1,481,9,84,8945,10003,0,0.06697595864534378, baby, baby, daughter
Q8,482,9,85,41046,41046,1,0.7466570734977722, Grass, Grass, Grass
Q10,483,9,85,18435,18435,1,0.34856316447257996, ocean, ocean, ocean
Q12,484,9,84,11427,11427,1,0.17397941648960114, savanna, sav, sav
Q16,485,9,82,2547,2547,1,0.32558611035346985, body, body, body
Q10,486,9,85,36670,36670,1,0.3460727334022522, pond, pond, pond
Q6,487,9,81,68617,445,0,0.07867370545864105, Lobes, Lob, L
Q12,488,9,83,18943,81422,0,0.0022343238815665245, Bow, Bow, Aquarium
Q8,489,9,91,6515,18878,0,0.299491822719574, Acorn, Ac, Nut
Q17,490,9,79,23243,23243,1,0.7252064347267151, fork, fork, fork
Q16,491,9,82,42871,2547,0,0.1314493715763092, Chest, Chest, body
Q1,492,9,83,79340,79340,1,0.4047958254814148, eaglet, eag, eag
Q14,493,9,80,6134,6134,1,0.15924066305160522, door, door, door
Q17,494,9,79,3090,3090,1,0.2878488302230835, water, water, water
Q14,495,9,80,18618,2585,0,3.5120097891194746e-05, gate, gate, control
Q6,496,9,82,66255,8602,0,0.03440304100513458, Mouth, Mouth, Che
Q6,497,9,82,66255,8602,0,0.03741639479994774, Mouth, Mouth, Che
Q13,498,9,84,25525,25525,1,0.9351905584335327, Woman, Woman, Woman
Q18,499,9,79,7795,7795,1,0.3619152307510376, fish, fish, fish
Q8,500,9,90,30451,30451,1,0.8710852861404419, Mulberry, Mul, Mul
Q16,501,9,82,7693,7693,1,0.5019813776016235, feet, feet, feet
Q13,502,9,83,55376,58937,0,0.004493450280278921, Kangaroo, Kang, Monkey
Q7,503,9,86,13287,13287,1,0.9342769384384155, Arm, Arm, Arm
Q18,504,9,79,17604,3691,0,0.004025052767246962, cheese, cheese, food
Q5,505,9,81,95951,24032,0,0.020869435742497444, Antibody, Antib, bacteria
Q18,506,9,79,17604,3691,0,0.004321889486163855, cheese, cheese, food
Q11,507,9,85,17019,17019,1,0.6650021076202393, Fish, Fish, Fish
Q18,508,9,79,75294,75294,1,0.5344480276107788, carrot, carrot, carrot
Q6,509,9,81,2893,35622,0,0.19277456402778625, Beak, Be, Wing
Q9,510,9,84,18414,18414,1,0.9528487920761108, chocolate, chocolate, chocolate
Q9,511,9,84,18414,18414,1,0.9447976350784302, chocolate, chocolate, chocolate
Q5,512,9,81,46332,43754,0,0.0013310388894751668, Rumor, Rum, Fiction
Q1,513,9,84,19250,19250,1,0.9976361989974976, cub, cub, cub
Q18,514,9,78,5405,16763,0,0.0010390692623332143, clover, clo, grass
Q3,515,9,83,16763,8494,0,0.09111618995666504, grassland, grass, Australia
Q16,516,9,82,2010,2010,1,0.7137326598167419, head, head, head
Q10,517,9,82,18943,20904,0,0.0015585061628371477, Bow, Bow, Bowl
Q7,518,9,86,15819,15819,1,0.792367696762085, Foot, Foot, Foot
Q12,519,9,83,18943,20904,0,0.0023268566001206636, Bow, Bow, Bowl
Q1,520,9,84,65643,65643,1,0.9950290322303772, calf, calf, calf
Q11,521,9,85,24214,24214,1,0.5998778343200684, Bird, Bird, Bird
Q9,522,9,84,80247,80247,1,0.5099261403083801, tofu, tofu, tofu
Q9,523,9,84,17604,17604,1,0.5639251470565796, cheese, cheese, cheese
Q13,524,9,84,34392,34392,1,0.9214611053466797, Horse, Horse, Horse
Q8,525,9,86,98028,98028,1,0.9761518836021423, Bamboo, Bamboo, Bamboo
Q9,526,9,82,597,597,1,0.5722871422767639, kethup, k, k
Q8,527,9,92,41046,41046,1,0.9524771571159363, Grass, Grass, Grass
Q4,528,9,87,33012,33012,1,0.7752826809883118, sheep, sheep, sheep
Q11,529,9,85,24214,24214,1,0.8577281832695007, Bird, Bird, Bird
Q1,530,9,84,77757,77757,1,0.9787923693656921, kitten, kitten, kitten
Q18,531,9,79,14403,14403,1,0.6552585959434509, milk, milk, milk
Q14,532,9,80,30695,30695,1,0.27316009998321533, jar, jar, jar
Q11,533,9,85,18317,18317,1,0.7799378037452698, Plant, Plant, Plant
Q10,534,9,82,16763,8494,0,0.04930882155895233, grassland, grass, Australia
Q10,535,9,83,13952,5021,0,0.0986604392528534, forest, forest, tree
Q8,536,9,89,95901,41046,0,0.001182855456136167, Clover, Clover, Grass
Q12,537,9,84,18943,81422,0,0.0010577286593616009, Bow, Bow, Aquarium
Q5,538,9,82,9240,12634,0,0.11287596076726913, Rest, Rest, Energy
Q6,539,9,82,66255,93223,0,0.03990568965673447, Mouth, Mouth, Nose
Q16,540,9,82,7693,7693,1,0.664887011051178, feet, feet, feet
Q5,541,9,82,9232,9232,1,0.5501676201820374, defense, defense, defense
Q11,542,9,85,79189,79189,1,0.9236211180686951, Elephant, Elephant, Elephant
Q1,543,9,82,342,342,1,0.9975550770759583, gosling, g, g
Q9,544,9,84,80247,80247,1,0.41274550557136536, tofu, tofu, tofu
Q16,545,9,82,44055,44055,1,0.7349589467048645, Neck, Neck, Neck
Q8,546,9,87,95392,64646,0,0.036181095987558365, Vegetable, Vegetable, Salad
Q17,547,9,79,92154,4632,0,0.0018586249789223075, tripod, tripod, film
Q16,548,9,82,44055,13272,0,0.4048984944820404, Neck, Neck, neck
Q3,549,9,84,58989,40005,0,0.12370841950178146, Cage, Cage, Nest
Q8,550,9,90,44925,44925,1,0.5131179690361023, Milk, Milk, Milk
Q1,551,9,84,39406,39406,1,0.9961118102073669, lamb, lamb, lamb
Q1,552,9,82,342,342,1,0.9972659349441528, gosling, g, g
Q7,553,9,85,468,468,1,0.7619336247444153, Wrist, W, W
Q13,554,9,84,64191,64191,1,0.9801933169364929, Deer, Deer, Deer
Q16,555,9,82,2547,2547,1,0.2407529205083847, body, body, body
Q16,556,9,82,19109,19109,1,0.7148662209510803, Face, Face, Face
Q11,557,9,85,17019,17019,1,0.58454430103302, Fish, Fish, Fish
Q14,558,9,80,39736,15845,0,0.004516502842307091, elevator, elevator, shirt
Q5,559,9,82,21847,21847,1,0.5126446485519409, silence, silence, silence
Q6,560,9,81,68617,445,0,0.07356448471546173, Lobes, Lob, L
Q3,561,9,84,18435,18435,1,0.4773988425731659, ocean, ocean, ocean
Q8,562,9,87,44925,44925,1,0.24589097499847412, Milk, Milk, Milk
Q13,563,9,83,55376,79189,0,0.0031569998245686293, Kangaroo, Kang, Elephant
Q17,564,9,79,3090,3090,1,0.283835232257843, water, water, water
Q1,565,9,83,282,282,1,0.9900467991828918, fawn, f, f
Q9,566,9,84,11033,11033,1,0.8408164381980896, coffee, coffee, coffee
Q13,567,9,84,34392,34392,1,0.9561092257499695, Horse, Horse, Horse
Q11,568,9,85,6898,6898,1,0.36680924892425537, Ant, Ant, Ant
Q1,569,9,84,19250,19250,1,0.9951512813568115, cub, cub, cub
Q1,570,9,82,342,342,1,0.9956912398338318, gosling, g, g
Q4,571,9,87,8945,8945,1,0.2426767498254776, baby, baby, baby
Q5,572,9,81,95951,25474,0,0.05743175372481346, Antibody, Antib, vaccine
Q18,573,9,78,5405,16763,0,0.0010743578895926476, clover, clo, grass
Q8,574,9,84,3341,3341,1,0.7741290330886841, Carrot, Car, Car
Q13,575,9,84,49654,49654,1,0.8726115822792053, Pig, Pig, Pig
Q10,576,9,84,11427,11427,1,0.38527336716651917, savanna, sav, sav
Q4,577,9,87,8893,8893,1,0.7092469930648804, patient, patient, patient
Q17,578,9,79,3090,3090,1,0.35498639941215515, water, water, water
Q7,579,9,86,8704,8704,1,0.9500223398208618, Hand, Hand, Hand
Q13,580,9,84,34392,34392,1,0.9693312048912048, Horse, Horse, Horse
Q4,581,9,87,8945,8945,1,0.3710959255695343, baby, baby, baby
Q16,582,9,82,43096,6548,0,0.2573860287666321, Eyes, Eyes, eyes
Q12,583,9,84,58989,23634,0,0.06453368067741394, Cage, Cage, nest
Q1,584,9,82,342,342,1,0.9975456595420837, gosling, g, g
Q12,585,9,82,15739,4783,0,0.07510654628276825, Kennel, Kenn, House
Q10,586,9,84,24521,24521,1,0.9040963053703308, desert, desert, desert
Q14,587,9,80,6134,6134,1,0.1411590427160263, door, door, door
Q4,588,9,86,16587,16587,1,0.6993302702903748, swimmer, swim, swim
Q3,589,9,84,18943,62283,0,0.0012345570139586926, Bow, Bow, aquarium
Q11,590,9,85,18317,18317,1,0.587595522403717, Plant, Plant, Plant
Q8,591,9,91,30451,52136,0,0.1318015158176422, Mulberry, Mul, Silk
Q5,592,9,82,9240,12634,0,0.08544093370437622, Rest, Rest, Energy
Q10,593,9,83,11427,11427,1,0.42774006724357605, savanna, sav, sav
Q8,594,9,89,41046,41046,1,0.41996365785598755, Grass, Grass, Grass
Q13,595,9,84,60981,72519,0,0.2957448959350586, frog, frog, Frog
Q18,596,9,79,16763,16763,1,0.7947065830230713, grass, grass, grass
Q11,597,9,85,9119,9119,1,0.5744031071662903, Tree, Tree, Tree
Q4,598,9,86,16587,16587,1,0.5260907411575317, swimmer, swim, swim
Q4,599,9,87,50298,22641,0,0.06376799941062927, Plants, Plants, gard
Q12,600,9,83,11422,45520,0,0.09672324359416962, rainforest, rain, jungle
Q12,601,9,83,3623,83170,0,0.1277865767478943, Coop, Co, coop
Q7,602,9,86,15819,15819,1,0.8633467555046082, Foot, Foot, Foot
Q3,603,9,83,16763,8494,0,0.053336936980485916, grassland, grass, Australia
Q6,604,9,81,68617,445,0,0.06865756958723068, Lobes, Lob, L
Q17,605,9,79,34812,34812,1,0.6124829649925232, Arrow, Arrow, Arrow
Q6,606,9,82,30502,30502,1,0.7540426254272461, Shell, Shell, Shell
Q9,607,9,84,17604,17604,1,0.4918676018714905, cheese, cheese, cheese
Q14,608,9,80,18618,6007,0,6.346489681163803e-05, gate, gate, TV
Q5,609,9,82,54796,54796,1,0.4420481324195862, Darkness, Darkness, Darkness
Q9,610,9,84,17604,17604,1,0.4248533248901367, cheese, cheese, cheese
Q14,611,9,80,18618,6007,0,8.399683429161087e-05, gate, gate, TV
Q8,612,9,86,18276,41046,0,0.34562456607818604, Hay, Hay, Grass
Q8,613,9,88,3341,3341,1,0.8587672710418701, Carrot, Car, Car
Q5,614,9,82,9232,9232,1,0.5359748601913452, defense, defense, defense
Q10,615,9,83,24521,24521,1,0.7614453434944153, desert, desert, desert
Q5,616,9,82,9240,12634,0,0.12977617979049683, Rest, Rest, Energy
Q6,617,9,82,66255,8602,0,0.03415733948349953, Mouth, Mouth, Che
Q9,618,9,84,18414,18414,1,0.9494180679321289, chocolate, chocolate, chocolate
Q11,619,9,85,64191,22353,0,0.09528002887964249, Deer, Deer, Bull
Q7,620,9,86,15819,15819,1,0.7964258193969727, Foot, Foot, Foot
Q11,621,9,85,9119,9119,1,0.8304573893547058, Tree, Tree, Tree
Q16,622,9,82,2547,2547,1,0.3801635801792145, body, body, body
Q8,623,9,86,44925,44925,1,0.6766258478164673, Milk, Milk, Milk
Q18,624,9,79,16763,16763,1,0.6142457723617554, grass, grass, grass
Q1,625,9,83,7802,7802,1,0.9126206040382385, joey, jo, jo
Q11,626,9,85,24214,24214,1,0.7957466244697571, Bird, Bird, Bird
Q6,627,9,82,63961,33578,0,0.020787080749869347, Finger, Finger, Palm
Q9,628,9,84,11033,11033,1,0.9096007347106934, coffee, coffee, coffee
Q17,629,9,79,6007,6007,1,0.42164334654808044, TV, TV, TV
Q14,630,9,80,9145,25567,0,0.015184979885816574, bag, bag, pants
Q16,631,9,82,7693,7693,1,0.7161015272140503, feet, feet, feet
Q16,632,9,81,469,25212,0,0.172533318400383, Ears, E, ears
Q4,633,9,87,6896,6896,1,0.321829617023468, pet, pet, pet
Q13,634,9,84,34392,34392,1,0.9472983479499817, Horse, Horse, Horse
Q6,635,9,82,66255,8602,0,0.04283351078629494, Mouth, Mouth, Che
Q5,636,9,82,22674,22674,1,0.5995064377784729, Rain, Rain, Rain
Q3,637,9,84,18435,18435,1,0.37888893485069275, ocean, ocean, ocean
Q16,638,9,81,469,469,1,0.40734726190567017, Ears, E, E
Q3,639,9,83,11422,45520,0,0.056208763271570206, rainforest, rain, jungle
Q8,640,9,85,95392,64646,0,0.03468592092394829, Vegetable, Vegetable, Salad
Q13,641,9,84,64191,64191,1,0.9377659559249878, Deer, Deer, Deer
Q9,642,9,84,13378,13378,1,0.7960386872291565, wine, wine, wine
Q14,643,9,80,18618,6007,0,2.492211751814466e-05, gate, gate, TV
Q7,644,9,86,95785,95785,1,0.9576893448829651, Waist, Waist, Waist
Q1,645,9,83,79340,31863,0,0.30367669463157654, eaglet, eag, chick
Q8,646,9,85,45419,12369,0,0.007655481342226267, Cheese, Cheese, Food
Q1,647,9,83,79340,79340,1,0.5031167268753052, eaglet, eag, eag
Q17,648,9,79,19724,23243,0,0.03555600345134735, soup, soup, fork
Q13,649,9,84,64191,64191,1,0.9655306935310364, Deer, Deer, Deer
Q1,650,9,84,19250,19250,1,0.9962672591209412, cub, cub, cub
Q6,651,9,82,66255,8602,0,0.04344620183110237, Mouth, Mouth, Che
Q5,652,9,82,24062,9439,0,0.08684276789426804, Cold, Cold, cold
Q9,653,9,84,32656,32656,1,0.44541308283805847, candy, candy, candy
Q1,654,9,83,282,282,1,0.986599326133728, fawn, f, f
Q9,655,9,84,80247,80247,1,0.5367017984390259, tofu, tofu, tofu
Q4,656,9,86,27217,34880,0,0.0019996464252471924, Trainee, Train, athlete
Q3,657,9,83,11427,11427,1,0.18278267979621887, savanna, sav, sav
Q3,658,9,84,36670,36670,1,0.5238716006278992, pond, pond, pond
Q13,659,9,84,2418,2418,1,0.8055741786956787, Man, Man, Man
Q9,660,9,84,17604,17604,1,0.48763617873191833, cheese, cheese, cheese
Q5,661,9,82,54796,54796,1,0.35767677426338196, Darkness, Darkness, Darkness
Q7,662,9,86,63961,8704,0,0.06528845429420471, Finger, Finger, Hand
Q13,663,9,84,64191,64191,1,0.9788836240768433, Deer, Deer, Deer
Q5,664,9,81,95951,25474,0,0.0038669598288834095, Antibody, Antib, vaccine
Q8,665,9,88,41046,41046,1,0.9035466313362122, Grass, Grass, Grass
Q8,666,9,89,18276,41046,0,0.20430342853069305, Hay, Hay, Grass
Q12,667,9,83,58989,13180,0,0.03163024038076401, Cage, Cage, sky
Q3,668,9,84,18435,18435,1,0.31332358717918396, ocean, ocean, ocean
Q18,669,9,79,18137,85270,0,0.20031708478927612, hay, hay, oats
Q5,670,9,82,95265,3090,0,5.184024848858826e-05, firefighter, firefighter, water
Q3,671,9,84,24521,24521,1,0.8580759763717651, desert, desert, desert
Q8,672,9,86,95901,41046,0,0.0015336463693529367, Clover, Clover, Grass
Q10,673,9,82,58989,58989,1,0.38896816968917847, Cage, Cage, Cage
Q12,674,9,81,11427,45520,0,0.2617095410823822, savanna, sav, jungle
Q1,675,9,84,8945,10003,0,0.06556007266044617, baby, baby, daughter
Q13,676,9,84,2418,2418,1,0.9331899881362915, Man, Man, Man
Q10,677,9,83,24521,24521,1,0.7398739457130432, desert, desert, desert
Q11,678,9,85,17019,17019,1,0.6240125298500061, Fish, Fish, Fish
Q11,679,9,85,18317,9119,0,0.3471096456050873, Plant, Plant, Tree
Q17,680,9,79,34812,34812,1,0.5465970635414124, Arrow, Arrow, Arrow
Q10,681,9,83,11427,11427,1,0.21381445229053497, savanna, sav, sav
Q4,682,9,87,8945,8945,1,0.17422112822532654, baby, baby, baby
Q1,683,9,82,342,342,1,0.9960078001022339, gosling, g, g
Q6,684,9,82,79174,79174,1,0.919601321220398, Mane, Mane, Mane
Q14,685,9,80,33993,19671,0,0.126879021525383, Belt, Belt, belt
Q5,686,9,82,54796,54796,1,0.4974553883075714, Darkness, Darkness, Darkness
Q1,687,9,84,42289,42289,1,0.7059932947158813, puppy, puppy, puppy
Q11,688,9,85,9119,9119,1,0.8593053817749023, Tree, Tree, Tree
Q4,689,9,86,27217,20277,0,0.0068258135579526424, Trainee, Train, Ath
Q5,690,9,82,21847,69188,0,0.2926604747772217, silence, silence, Silence
Q5,691,9,82,54796,54796,1,0.4466124475002289, Darkness, Darkness, Darkness
Q11,692,9,85,69254,69254,1,0.912183403968811, Camel, Camel, Camel
Q3,693,9,84,24521,24521,1,0.730313777923584, desert, desert, desert
Q11,694,9,85,24214,24214,1,0.6309984922409058, Bird, Bird, Bird
Q7,695,9,85,468,468,1,0.7795276641845703, Wrist, W, W
Q8,696,9,81,41046,41046,1,0.8659632802009583, Grass, Grass, Grass
Q3,697,9,84,58989,23634,0,0.09727279841899872, Cage, Cage, nest
Q18,698,9,79,44196,44196,1,0.8280619382858276, banana, banana, banana
Q16,699,9,82,43096,43096,1,0.5249364376068115, Eyes, Eyes, Eyes
Q12,700,9,83,36670,36670,1,0.48069673776626587, pond, pond, pond
Q17,701,9,79,5684,5684,1,0.6268724799156189, paper, paper, paper
Q6,702,9,81,68617,445,0,0.0683961808681488, Lobes, Lob, L
Q9,703,9,84,16385,37547,0,0.20794297754764557, bread, bread, pasta
Q10,704,9,83,15739,4783,0,0.15169508755207062, Kennel, Kenn, House
Q4,705,9,87,50298,23251,0,0.0338020920753479, Plants, Plants, Gard
Q13,706,9,84,64191,64191,1,0.9307068586349487, Deer, Deer, Deer
Q11,707,9,85,43786,43786,1,0.9665782451629639, Flower, Flower, Flower
Q10,708,9,83,3623,18945,0,0.06764807552099228, Coop, Co, Farm
Q5,709,9,81,46332,43754,0,0.0016252236673608422, Rumor, Rum, Fiction
Q16,710,9,82,7693,7693,1,0.5480589866638184, feet, feet, feet
Q8,711,9,86,45419,12369,0,0.00802346970885992, Cheese, Cheese, Food
Q3,712,9,84,18943,62283,0,0.0013938572956249118, Bow, Bow, aquarium
Q6,713,9,82,37179,37179,1,0.4019099473953247, Tail, Tail, Tail
Q16,714,9,81,469,469,1,0.42364010214805603, Ears, E, E
Q11,715,9,85,43786,43786,1,0.9765999913215637, Flower, Flower, Flower
Q10,716,9,82,11422,45520,0,0.04614489525556564, rainforest, rain, jungle
Q5,717,9,82,24062,9439,0,0.009595802053809166, Cold, Cold, cold
Q7,718,9,86,91034,7765,0,0.13301798701286316, Legs, Legs, Leg
Q8,719,9,85,41046,41046,1,0.89439857006073, Grass, Grass, Grass
Q18,720,9,79,14403,14403,1,0.5721507668495178, milk, milk, milk
Q1,721,9,84,77757,77757,1,0.9810590147972107, kitten, kitten, kitten
Q13,722,9,84,60981,72519,0,0.3070603013038635, frog, frog, Frog
Q5,723,9,81,46332,43754,0,0.0015964077319949865, Rumor, Rum, Fiction
Q17,724,9,79,92154,4632,0,0.0019327884074300528, tripod, tripod, film
Q17,725,9,79,6007,6007,1,0.43445926904678345, TV, TV, TV
Q9,726,9,82,597,597,1,0.5438944101333618, kethup, k, k
Q5,727,9,81,95951,25474,0,0.023167137056589127, Antibody, Antib, vaccine
Q5,728,9,82,22674,22674,1,0.5863177180290222, Rain, Rain, Rain
Q1,729,9,84,42289,42289,1,0.6818910837173462, puppy, puppy, puppy
Q3,730,9,84,58989,40005,0,0.11440911144018173, Cage, Cage, Nest
Q8,731,9,89,95901,41046,0,0.001079439651221037, Clover, Clover, Grass
Q16,732,9,82,2547,2547,1,0.3271532952785492, body, body, body
Q14,733,9,80,68181,55870,0,0.037978511303663254, Shoe, Shoe, Jacket
Q14,734,9,80,33993,19671,0,0.18484961986541748, Belt, Belt, belt
Q14,735,9,80,32926,55085,0,0.13210031390190125, Wine, Wine, Bottle
Q4,736,9,87,3016,8893,0,0.017265861853957176, client, client, patient
Q5,737,9,82,9240,12634,0,0.0972696840763092, Rest, Rest, Energy
Q16,738,9,82,2547,2547,1,0.4225289821624756, body, body, body
Q13,739,9,84,34392,34392,1,0.9596213698387146, Horse, Horse, Horse
Q10,740,9,81,15739,3838,0,0.0874987468123436, Kennel, Kenn, house
Q17,741,9,79,1401,1401,1,0.9640017151832581, key, key, key
Q5,742,9,82,95265,3090,0,2.419999145786278e-05, firefighter, firefighter, water
Q16,743,9,82,44055,13272,0,0.38580331206321716, Neck, Neck, neck
Q11,744,9,85,17019,17019,1,0.7410967350006104, Fish, Fish, Fish
Q8,745,9,86,3341,3341,1,0.8883328437805176, Carrot, Car, Car
Q7,746,9,86,11452,11452,1,0.9782628417015076, Head, Head, Head
Q14,747,9,80,32926,16893,0,0.05518548563122749, Wine, Wine, bottle
Q1,748,9,84,42289,42289,1,0.799241304397583, puppy, puppy, puppy
Q5,749,9,82,22674,22674,1,0.548209547996521, Rain, Rain, Rain
Q10,750,9,84,58989,40005,0,0.10125930607318878, Cage, Cage, Nest
Q13,751,9,84,25525,25525,1,0.8793271780014038, Woman, Woman, Woman
Q13,752,9,84,2418,2418,1,0.94046550989151, Man, Man, Man
Q16,753,9,82,7693,7693,1,0.6188427805900574, feet, feet, feet
Q4,754,9,86,16587,16587,1,0.5789271593093872, swimmer, swim, swim
Q5,755,9,81,95951,24032,0,0.045611586421728134, Antibody, Antib, bacteria
Q11,756,9,85,9119,9119,1,0.7788504362106323, Tree, Tree, Tree
Q18,757,9,79,44196,44196,1,0.7994557619094849, banana, banana, banana
Q1,758,9,84,42289,42289,1,0.7795025110244751, puppy, puppy, puppy
Q1,759,9,84,8945,10003,0,0.0424649603664875, baby, baby, daughter
Q12,760,9,85,13952,13952,1,0.25035321712493896, forest, forest, forest
Q14,761,9,80,30695,30695,1,0.28464245796203613, jar, jar, jar
Q12,762,9,83,15739,3838,0,0.05083528161048889, Kennel, Kenn, house
Q5,763,9,82,24062,9439,0,0.043508175760507584, Cold, Cold, cold
Q13,764,9,84,34392,34392,1,0.9763644337654114, Horse, Horse, Horse
Q14,765,9,80,55807,15845,0,0.10294252634048462, Shirt, Shirt, shirt
Q9,766,9,84,20673,20673,1,0.4976518154144287, jam, jam, jam
Q11,767,9,85,18317,18317,1,0.6643092632293701, Plant, Plant, Plant
Q6,768,9,81,445,66821,0,0.017182793468236923, Lashes, L, Iris
Q11,769,9,85,6898,41046,0,0.2609402537345886, Ant, Ant, Grass
Q10,770,9,83,18435,18435,1,0.41738879680633545, ocean, ocean, ocean
Q6,771,9,81,1183,1183,1,0.5339014530181885, Trunk, Tr, Tr
Q10,772,9,82,11427,11427,1,0.3245600163936615, savanna, sav, sav
Q12,773,9,82,16763,8494,0,0.04403366521000862, grassland, grass, Australia
Q17,774,9,79,32095,32095,1,0.74626225233078, nail, nail, nail
Q12,775,9,83,13952,13952,1,0.24138639867305756, forest, forest, forest
Q7,776,9,86,15819,15819,1,0.6570946574211121, Foot, Foot, Foot
Q9,777,9,84,18414,18414,1,0.9334312081336975, chocolate, chocolate, chocolate
Q9,778,9,84,32656,32656,1,0.4096074402332306, candy, candy, candy
Q18,779,9,79,75294,75294,1,0.5868154764175415, carrot, carrot, carrot
Q10,780,9,83,95552,89355,0,0.0007620739052072167, Shed, Shed, pasture
Q11,781,9,85,18317,18317,1,0.3886203169822693, Plant, Plant, Plant
Q18,782,9,79,18137,75294,0,0.13549759984016418, hay, hay, carrot
Q6,783,9,81,445,66821,0,0.013487549498677254, Lashes, L, Iris
Q12,784,9,84,58989,40005,0,0.17272967100143433, Cage, Cage, Nest
Q11,785,9,85,69254,69254,1,0.9505370259284973, Camel, Camel, Camel
Q11,786,9,85,79189,79189,1,0.963468611240387, Elephant, Elephant, Elephant
Q12,787,9,84,15739,3838,0,0.06013152003288269, Kennel, Kenn, house
Q3,788,9,84,95552,24561,0,0.00020192826923448592, Shed, Shed, Past
Q7,789,9,85,468,468,1,0.6811217665672302, Wrist, W, W
Q17,790,9,79,32095,32095,1,0.6637280583381653, nail, nail, nail
Q1,791,9,84,39406,39406,1,0.9964635968208313, lamb, lamb, lamb
Q4,792,9,87,10099,10065,0,0.26806649565696716, animals, animals, animal
Q1,793,9,84,19250,19250,1,0.9973413348197937, cub, cub, cub
Q14,794,9,80,30695,30695,1,0.2291414439678192, jar, jar, jar
Q8,795,9,87,18276,41046,0,0.3162916302680969, Hay, Hay, Grass
Q12,796,9,84,18943,62283,0,0.0008678111480548978, Bow, Bow, aquarium
Q3,797,9,84,36670,36670,1,0.5080361366271973, pond, pond, pond
Q4,798,9,87,50298,22641,0,0.0548865906894207, Plants, Plants, gard
Q14,799,9,80,32926,16893,0,0.12128907442092896, Wine, Wine, bottle
