q_id,layer,baseline_layer,super_layer,acc_base_baseline,acc_base_super,diff_acc_base,acc_with_baseline,acc_with_super,diff_acc_with,delta_acc_baseline,delta_acc_super,diff_delta_acc,mean_delta_logprob_baseline,mean_delta_logprob_super,diff_mean_delta_logprob,mean_delta_p_baseline,mean_delta_p_super,diff_mean_delta_p,mean_delta_logit_baseline,mean_delta_logit_super,diff_mean_delta_logit
Q1,0,0,0,0.0,0.0,0.0,0.2,0.0,-0.2,0.2,0.0,-0.2,2.5460572242736816,-0.7484395027160644,-3.2944967269897463,0.039509836917568465,-0.0015077930060215295,-0.041017629923589996,2.565234375,-0.228125,-2.793359375
Q1,1,1,1,0.0,0.0,0.0,0.2,0.0,-0.2,0.2,0.0,-0.2,2.4694952011108398,-0.46925153732299807,-2.9387467384338377,0.0367492294011754,0.0005855950788827613,-0.03616363432229264,2.1359375,0.7359375,-1.4
Q1,2,2,2,0.0,0.0,0.0,0.2,0.0,-0.2,0.2,0.0,-0.2,2.3319287300109863,-1.744713020324707,-4.0766417503356935,0.02877657991630258,-0.0016114345198730007,-0.03038801443617558,1.9953125,0.230078125,-1.7652343750000001
Q1,3,3,3,0.0,0.0,0.0,0.2,0.0,-0.2,0.2,0.0,-0.2,2.5614250183105467,-1.3571670532226563,-3.9185920715332028,0.04566858006437542,0.0006333457778964658,-0.04503523428647896,2.31796875,0.808984375,-1.5089843749999998
Q1,4,4,4,0.0,0.0,0.0,0.2,0.1,-0.1,0.2,0.1,-0.1,2.3844024658203127,0.40782814025878905,-1.9765743255615236,0.03158322245144518,0.011936043899913784,-0.019647178551531398,2.173046875,1.644921875,-0.5281249999999997
Q1,5,5,5,0.0,0.0,0.0,0.4,0.0,-0.4,0.4,0.0,-0.4,2.6544517517089843,1.0350276947021484,-1.619424057006836,0.04462108703592094,0.012432003377762157,-0.03218908365815878,2.5765625,1.70859375,-0.8679687500000002
Q1,6,6,6,0.0,0.0,0.0,0.4,0.0,-0.4,0.4,0.0,-0.4,2.6530911445617678,1.346363639831543,-1.3067275047302247,0.05303975153510691,0.012438530749932397,-0.040601220785174516,2.705078125,1.749609375,-0.9554687500000001
Q1,7,7,7,0.0,0.0,0.0,0.4,0.0,-0.4,0.4,0.0,-0.4,2.797211742401123,1.8235443115234375,-0.9736674308776856,0.07191895537107484,0.016816299206402617,-0.05510265616467223,3.184375,2.30078125,-0.8835937500000002
Q1,8,8,8,0.0,0.0,0.0,0.3,0.0,-0.3,0.3,0.0,-0.3,2.824270725250244,1.8415682792663575,-0.9827024459838867,0.05992478924599709,0.012709757599805017,-0.04721503164619208,3.211328125,2.7640625,-0.447265625
Q1,9,9,9,0.0,0.0,0.0,0.2,0.0,-0.2,0.2,0.0,-0.2,2.8600414276123045,1.923128890991211,-0.9369125366210935,0.06018762016465189,0.013873980294738431,-0.04631363986991346,3.11953125,3.14375,0.024218749999999734
Q1,10,10,10,0.0,0.0,0.0,0.2,0.0,-0.2,0.2,0.0,-0.2,2.6793426513671874,2.1935355186462404,-0.485807132720947,0.046306052997533695,0.01872414022946032,-0.027581912768073376,3.090625,3.446875,0.35624999999999973
Q1,11,11,11,0.0,0.0,0.0,0.2,0.0,-0.2,0.2,0.0,-0.2,2.902086925506592,2.164781188964844,-0.7373057365417481,0.05634019026329042,0.021663801577233244,-0.03467638868605718,3.29921875,3.55625,0.2570312499999998
Q1,12,12,12,0.0,0.0,0.0,0.4,0.0,-0.4,0.4,0.0,-0.4,3.5022253036499023,2.2360580444335936,-1.2661672592163087,0.10979604046588065,0.022147475842211863,-0.0876485646236688,4.33828125,4.49921875,0.16093750000000018
Q1,13,13,13,0.0,0.0,0.0,0.6,0.0,-0.6,0.6,0.0,-0.6,3.6574246406555178,2.4842598915100096,-1.1731647491455082,0.13595782784541371,0.03053987995517673,-0.10541794789023698,4.97578125,4.82421875,-0.15156249999999982
Q1,14,14,14,0.0,0.0,0.0,0.6,0.0,-0.6,0.6,0.0,-0.6,3.9377305030822756,2.436857509613037,-1.5008729934692386,0.1810285423489404,0.029941651022818407,-0.151086891326122,5.51640625,4.53828125,-0.9781250000000004
Q1,15,15,15,0.0,0.0,0.0,0.6,0.0,-0.6,0.6,0.0,-0.6,4.063893604278564,2.226144790649414,-1.8377488136291502,0.17584607615863207,0.02440344072674634,-0.15144263543188574,5.41328125,3.61640625,-1.796875
Q1,16,16,16,0.0,0.0,0.0,0.4,0.0,-0.4,0.4,0.0,-0.4,3.6448323249816896,1.5844198226928712,-2.0604125022888184,0.11518205027823569,0.010878179532301146,-0.10430387074593454,4.8171875,2.60546875,-2.21171875
Q1,17,17,17,0.0,0.0,0.0,0.0,0.0,0.0,0.0,0.0,0.0,2.8643939971923826,1.3652440071105958,-1.4991499900817868,0.050312808582384606,0.00876197845354909,-0.041550830128835516,3.93359375,2.227734375,-1.7058593750000002
Q1,18,18,18,0.0,0.0,0.0,0.0,0.0,0.0,0.0,0.0,0.0,2.565546417236328,1.4589938163757323,-1.1065526008605957,0.0383309829121572,0.009791102075541857,-0.02853988083661534,3.537109375,2.28125,-1.255859375
Q1,19,19,19,0.0,0.0,0.0,0.0,0.0,0.0,0.0,0.0,0.0,2.0731043815612793,1.0510794639587402,-1.022024917602539,0.022490291933354455,0.006070919243211392,-0.016419372690143062,2.84453125,1.680859375,-1.1636718750000001
Q1,20,20,20,0.0,0.0,0.0,0.0,0.0,0.0,0.0,0.0,0.0,2.021053409576416,1.0771116256713866,-0.9439417839050295,0.020387568006117362,0.006323305280238856,-0.014064262725878506,2.840234375,1.781640625,-1.05859375
Q1,21,21,21,0.0,0.0,0.0,0.0,0.0,0.0,0.0,0.0,0.0,1.4394424438476563,0.7680889129638672,-0.6713535308837891,0.010030976521375124,0.0052260153417591935,-0.004804961179615931,2.009765625,1.29453125,-0.7152343750000001
Q1,22,22,22,0.0,0.0,0.0,0.0,0.0,0.0,0.0,0.0,0.0,0.9360370635986328,0.6286723136901855,-0.3073647499084473,0.004232551610039081,0.0029004428201005795,-0.0013321087899385016,1.4,1.296875,-0.10312499999999991
Q1,23,23,23,0.0,0.0,0.0,0.0,0.0,0.0,0.0,0.0,0.0,0.7582307815551758,0.6292849540710449,-0.12894582748413086,0.0029908270531450397,0.003327567763335537,0.0003367407101904974,1.13125,1.36640625,0.23515624999999996
Q1,24,24,24,0.0,0.0,0.0,0.0,0.0,0.0,0.0,0.0,0.0,0.7011384963989258,0.5481563568115234,-0.15298213958740237,0.0028220460706506858,0.002588027015735861,-0.00023401905491482466,1.108203125,1.3515625,0.24335937500000004
Q1,25,25,25,0.0,0.0,0.0,0.0,0.0,0.0,0.0,0.0,0.0,0.6210346221923828,0.6066900253295898,-0.014344596862792991,0.00246891619899543,0.002604240940127056,0.00013532474113162572,1.052734375,1.16171875,0.10898437499999991
Q1,26,26,26,0.0,0.0,0.0,0.0,0.0,0.0,0.0,0.0,0.0,0.5550679206848145,0.5746244430541992,0.019556522369384766,0.0022249970963457598,0.0022487918584374713,2.379476209171151e-05,1.0,1.2078125,0.20781249999999996
Q1,27,27,27,0.0,0.0,0.0,0.0,0.0,0.0,0.0,0.0,0.0,0.4934978485107422,0.5256312370300293,0.032133388519287154,0.001964337844401598,0.0020261534824385307,6.181563803693254e-05,0.900390625,0.987890625,0.08750000000000002
Q1,28,28,28,0.0,0.0,0.0,0.0,0.0,0.0,0.0,0.0,0.0,0.4109824180603027,0.41290769577026365,0.0019252777099609264,0.001544421371363569,0.0015564610803266987,1.203970896312967e-05,0.7421875,1.055859375,0.31367187500000004
Q1,29,29,29,0.0,0.0,0.0,0.0,0.0,0.0,0.0,0.0,0.0,0.2741581916809082,-0.23257894515991212,-0.5067371368408203,0.0010420070335385389,0.00011444085830589757,-0.0009275661752326413,0.424609375,0.494140625,0.06953124999999999
Q1,30,30,30,0.0,0.0,0.0,0.0,0.0,0.0,0.0,0.0,0.0,0.18013420104980468,-0.7558128356933593,-0.935947036743164,0.0007067036785883829,0.0009765378963493276,0.00026983421776094474,0.284375,0.63828125,0.35390625000000003
Q1,31,31,31,0.0,0.0,0.0,0.0,0.0,0.0,0.0,0.0,0.0,-0.04525747299194336,-0.8963103294372559,-0.8510528564453125,-0.0002437101400573738,-0.0015347417931479868,-0.001291031653090613,-0.005078125,-0.00234375,0.0027343750000000003
Q5,0,0,0,0.0,0.0,0.0,0.0,0.0,0.0,0.0,0.0,0.0,1.242197608947754,-0.07242813110351562,-1.3146257400512695,0.007341041398467496,0.0003228087596653495,-0.007018232638802147,1.3265625,-0.422265625,-1.7488281250000002
Q5,1,1,1,0.0,0.0,0.0,0.0,0.0,0.0,0.0,0.0,0.0,1.6068974494934083,0.8592473983764648,-0.7476500511169435,0.012975917453877628,0.0031919452536385506,-0.009783972200239077,2.370703125,0.863671875,-1.5070312499999998
Q5,2,2,2,0.0,0.0,0.0,0.0,0.0,0.0,0.0,0.0,0.0,-2.0209741592407227,0.07069168090820313,2.091665840148926,-0.0005034112487919629,0.002145329277846031,0.0026487405266379938,1.302734375,1.28984375,-0.012890625000000044
Q5,3,3,3,0.0,0.0,0.0,0.0,0.0,0.0,0.0,0.0,0.0,-2.8429542541503907,0.3239599227905273,3.166914176940918,-0.0005218788161982957,0.006027708604960935,0.006549587421159231,1.215625,1.953125,0.7375
Q5,4,4,4,0.0,0.0,0.0,0.0,0.0,0.0,0.0,0.0,0.0,-1.6560020446777344,1.6647983551025392,3.3208003997802735,-0.0005813323486563605,0.01242132444604067,0.013002656794697032,2.31328125,2.57734375,0.26406249999999964
Q5,5,5,5,0.0,0.0,0.0,0.0,0.0,0.0,0.0,0.0,0.0,0.13969001770019532,2.430404281616211,2.2907142639160156,0.0006797253226977773,0.024156581463466865,0.023476856140769088,2.73203125,2.86796875,0.13593750000000027
Q5,6,6,6,0.0,0.0,0.0,0.0,0.2,0.2,0.0,0.2,0.2,1.3390818595886231,2.6129403114318848,1.2738584518432616,0.009334352026053238,0.030651612613291947,0.021317260587238707,2.967578125,2.748046875,-0.21953125000000018
Q5,7,7,7,0.0,0.0,0.0,0.0,0.1,0.1,0.0,0.1,0.1,1.805711555480957,2.752523326873779,0.9468117713928221,0.013513289683032781,0.030629562235844787,0.017116272552812006,3.122265625,3.152734375,0.030468750000000266
Q5,8,8,8,0.0,0.0,0.0,0.1,0.2,0.1,0.1,0.2,0.1,2.8323763847351073,3.434041881561279,0.6016654968261719,0.04204895509610651,0.05838419978827005,0.01633524469216354,4.645703125,4.34453125,-0.30117187499999964
Q5,9,9,9,0.0,0.0,0.0,0.1,0.1,0.0,0.1,0.1,0.0,3.345575523376465,3.5019647598266603,0.1563892364501953,0.06235384179017274,0.05071360848232871,-0.011640233307844028,5.178515625,4.403125,-0.775390625
Q5,10,10,10,0.0,0.0,0.0,0.2,0.2,0.0,0.2,0.2,0.0,3.5302671432495116,3.292075824737549,-0.23819131851196262,0.08331262831197819,0.040655478577537,-0.042657149734441194,5.296875,4.18828125,-1.1085937499999998
Q5,11,11,11,0.0,0.0,0.0,0.5,0.1,-0.4,0.5,0.1,-0.4,3.7206130027770996,3.4514400482177736,-0.269172954559326,0.13293994851846946,0.058164264912193175,-0.07477568360627629,5.53828125,4.01171875,-1.5265624999999998
Q5,12,12,12,0.0,0.0,0.0,0.5,0.1,-0.4,0.5,0.1,-0.4,3.9974833488464356,3.5649059295654295,-0.4325774192810061,0.1819533109999611,0.06481427035614615,-0.11713904064381495,6.023046875,4.66875,-1.3542968750000002
Q5,13,13,13,0.0,0.0,0.0,0.5,0.2,-0.3,0.5,0.2,-0.3,4.047471332550049,3.595883846282959,-0.45158748626708967,0.19426307945832377,0.07246312390634557,-0.1217999555519782,5.9,4.91640625,-0.9835937500000007
Q5,14,14,14,0.0,0.0,0.0,0.4,0.3,-0.10000000000000003,0.4,0.3,-0.10000000000000003,3.8901062965393067,3.3146629333496094,-0.5754433631896974,0.13811632035503862,0.058313352485129144,-0.07980296786990948,5.21796875,4.3265625,-0.8914062500000002
Q5,15,15,15,0.0,0.0,0.0,0.4,0.1,-0.30000000000000004,0.4,0.1,-0.30000000000000004,3.5467065811157226,2.84065580368042,-0.7060507774353026,0.0688341838933411,0.025358120280725416,-0.04347606361261569,4.13203125,3.35546875,-0.7765624999999998
Q5,16,16,16,0.0,0.0,0.0,0.1,0.0,-0.1,0.1,0.0,-0.1,3.1201961517333983,2.3954339027404785,-0.7247622489929197,0.044173594324092846,0.018706479707907418,-0.025467114616185428,3.3171875,2.647265625,-0.669921875
Q5,17,17,17,0.0,0.0,0.0,0.0,0.0,0.0,0.0,0.0,0.0,2.506784534454346,1.8657320976257323,-0.6410524368286135,0.018501751926669384,0.008619303604064044,-0.00988244832260534,2.639453125,2.04375,-0.595703125
Q5,18,18,18,0.0,0.0,0.0,0.0,0.0,0.0,0.0,0.0,0.0,2.0549795150756838,1.5564116477966308,-0.498567867279053,0.010001301309966949,0.005485305534966756,-0.004515995775000193,2.359375,1.919921875,-0.439453125
Q5,19,19,19,0.0,0.0,0.0,0.0,0.0,0.0,0.0,0.0,0.0,1.8054254531860352,1.32973051071167,-0.4756949424743653,0.0071425312125938945,0.003961867988982704,-0.0031806632236111906,1.95859375,1.573046875,-0.38554687499999996
Q5,20,20,20,0.0,0.0,0.0,0.0,0.0,0.0,0.0,0.0,0.0,1.7140762329101562,1.3965251922607422,-0.317551040649414,0.00568750556994928,0.0038919483296922406,-0.0017955572402570397,2.03671875,1.758203125,-0.2785156249999998
Q5,21,21,21,0.0,0.0,0.0,0.0,0.0,0.0,0.0,0.0,0.0,0.5973958969116211,0.6223034858703613,0.024907588958740234,0.0012630964891286566,0.0012643576541449876,1.2611650163309087e-06,0.76796875,0.844921875,0.07695312500000007
Q5,22,22,22,0.0,0.0,0.0,0.0,0.0,0.0,0.0,0.0,0.0,0.49572324752807617,0.5506499290466309,0.05492668151855473,0.0009714254949358292,0.0010257973641273565,5.4371869191527237e-05,0.88203125,0.929296875,0.04726562499999998
Q5,23,23,23,0.0,0.0,0.0,0.0,0.0,0.0,0.0,0.0,0.0,0.24713010787963868,0.31661367416381836,0.06948356628417968,0.0007002580212429165,0.0007805525412550196,8.029452001210311e-05,0.794921875,0.865234375,0.0703125
Q5,24,24,24,0.0,0.0,0.0,0.0,0.0,0.0,0.0,0.0,0.0,0.2730705261230469,0.32270145416259766,0.04963092803955077,0.0005989990939269773,0.0006723466591211036,7.334756519412628e-05,0.823046875,0.86171875,0.03867187500000002
Q5,25,25,25,0.0,0.0,0.0,0.0,0.0,0.0,0.0,0.0,0.0,0.31516408920288086,0.36705265045166013,0.051888561248779275,0.0007740893022855743,0.0008402030463912525,6.611374410567814e-05,0.67578125,0.720703125,0.044921875
Q5,26,26,26,0.0,0.0,0.0,0.0,0.0,0.0,0.0,0.0,0.0,0.30351552963256834,0.36118688583374026,0.05767135620117192,0.0006307978706900031,0.0007059744209982454,7.517655030824238e-05,0.854296875,0.90625,0.051953125000000044
Q5,27,27,27,0.0,0.0,0.0,0.0,0.0,0.0,0.0,0.0,0.0,0.17215547561645508,0.22460832595825195,0.052452850341796864,0.0003761037572985515,0.0004804012496606447,0.0001042974923620932,0.495703125,0.486328125,-0.009375000000000022
Q5,28,28,28,0.0,0.0,0.0,0.0,0.0,0.0,0.0,0.0,0.0,0.08212299346923828,0.20460233688354493,0.12247934341430665,0.00027838808164233343,0.0004734401809400879,0.00019505209929775446,0.5765625,0.567578125,-0.008984374999999933
Q5,29,29,29,0.0,0.0,0.0,0.0,0.0,0.0,0.0,0.0,0.0,-0.542674446105957,-0.3082720756530762,0.23440237045288087,-0.00044139633973827586,-0.0002011969503655564,0.00024019938937271945,0.45390625,0.469921875,0.016015624999999978
Q5,30,30,30,0.0,0.0,0.0,0.0,0.0,0.0,0.0,0.0,0.0,-1.291112232208252,-1.0217981338500977,0.26931409835815434,-0.0009094829209061572,-0.0007851160327845719,0.00012436688812158527,0.247265625,0.33359375,0.08632812500000003
Q5,31,31,31,0.0,0.0,0.0,0.0,0.0,0.0,0.0,0.0,0.0,-1.2594374656677245,-1.065511703491211,0.19392576217651358,-0.0009468600892432733,-0.0008710645051905885,7.579558405268472e-05,-0.188671875,-0.17265625,0.016015624999999978
Q8,0,0,0,0.0,0.0,0.0,0.0,0.0,0.0,0.0,0.0,0.0,-0.21933937072753906,-1.1327974319458007,-0.9134580612182617,-0.0010685548102628672,-0.0007686963725518581,0.0002998584377110091,-0.4591796875,-1.3017578125,-0.842578125
Q8,1,1,1,0.0,0.0,0.0,0.0,0.0,0.0,0.0,0.0,0.0,1.057926082611084,-0.3498857498168945,-1.4078118324279785,0.0049197095911949875,0.008064932159868476,0.003145222568673489,0.907421875,-0.014453125,-0.921875
Q8,2,2,2,0.0,0.0,0.0,0.2,0.0,-0.2,0.2,0.0,-0.2,2.562234401702881,-1.3430329322814942,-3.905267333984375,0.05478908758050238,0.00242284040452887,-0.05236624717597351,2.5265625,-0.1205078125,-2.6470703125
Q8,3,3,3,0.0,0.0,0.0,0.0,0.0,0.0,0.0,0.0,0.0,1.2912357330322266,-0.3744327545166016,-1.6656684875488281,0.00629629655595636,0.006869480177374499,0.0005731836214181388,1.3453125,0.83984375,-0.5054687499999999
Q8,4,4,4,0.0,0.0,0.0,0.0,0.0,0.0,0.0,0.0,0.0,0.8400225639343262,0.29816398620605467,-0.5418585777282715,0.0021134747046744453,0.014386300037949695,0.012272825333275249,1.09609375,1.0046875,-0.09140625000000013
Q8,5,5,5,0.0,0.0,0.0,0.1,0.1,0.0,0.1,0.1,0.0,1.3275746345520019,1.1743452072143554,-0.15322942733764644,0.007630707200587494,0.022779287652883794,0.0151485804522963,1.457421875,1.397265625,-0.06015625000000013
Q8,6,6,6,0.0,0.0,0.0,0.2,0.2,0.0,0.2,0.2,0.0,1.8235560417175294,1.583376121520996,-0.24017992019653334,0.020236468020448227,0.02455820917712117,0.0043217411566729425,2.0984375,1.7765625,-0.32187500000000013
Q8,7,7,7,0.0,0.0,0.0,0.2,0.2,0.0,0.2,0.2,0.0,2.08414831161499,1.7439743041992188,-0.3401740074157713,0.032200148456104215,0.038979873511198096,0.006779725055093881,2.46484375,2.1640625,-0.30078125
Q8,8,8,8,0.0,0.0,0.0,0.2,0.2,0.0,0.2,0.2,0.0,2.2845060348510744,1.6009250640869142,-0.6835809707641602,0.042773850548110205,0.022266688000308933,-0.020507162547801272,2.7625,2.344140625,-0.4183593750000001
Q8,9,9,9,0.0,0.0,0.0,0.1,0.2,0.1,0.1,0.2,0.1,2.062716579437256,1.4086056709289552,-0.6541109085083008,0.020341720898795757,0.015453336609425605,-0.004888384289370152,2.399609375,2.316796875,-0.08281249999999973
Q8,10,10,10,0.0,0.0,0.0,0.2,0.0,-0.2,0.2,0.0,-0.2,2.66980037689209,1.3671116828918457,-1.3026886940002442,0.0529574473050161,0.01614422640595876,-0.036813220899057336,3.253515625,2.654296875,-0.5992187499999999
Q8,11,11,11,0.0,0.0,0.0,0.3,0.0,-0.3,0.3,0.0,-0.3,2.9327880859375,1.3383378982543945,-1.5944501876831056,0.06742237706312153,0.017620360442742823,-0.049802016620378704,3.434375,2.565234375,-0.869140625
Q8,12,12,12,0.0,0.0,0.0,0.4,0.1,-0.30000000000000004,0.4,0.1,-0.30000000000000004,3.2937710762023924,1.40723876953125,-1.8865323066711424,0.12624202913611954,0.023833125731835027,-0.10240890340428452,3.999609375,3.03515625,-0.9644531249999999
Q8,13,13,13,0.0,0.0,0.0,0.5,0.1,-0.4,0.5,0.1,-0.4,3.523991012573242,1.6650554656982421,-1.858935546875,0.1397225724085729,0.03763732794432144,-0.10208524446425145,4.490234375,3.50234375,-0.9878906249999999
Q8,14,14,14,0.0,0.0,0.0,0.5,0.1,-0.4,0.5,0.1,-0.4,3.873529624938965,1.7797417640686035,-2.0937878608703615,0.16292444205209905,0.028757149589728213,-0.13416729246237083,5.322265625,3.554296875,-1.76796875
Q8,15,15,15,0.0,0.0,0.0,0.3,0.1,-0.19999999999999998,0.3,0.1,-0.19999999999999998,3.1225595474243164,1.781216526031494,-1.3413430213928224,0.0730980436605023,0.020261710056001903,-0.05283633360450039,4.078515625,2.866015625,-1.2124999999999995
Q8,16,16,16,0.0,0.0,0.0,0.1,0.1,0.0,0.1,0.1,0.0,2.5133612632751463,1.1636484146118165,-1.3497128486633299,0.038369632897592966,0.011533412444623536,-0.02683622045296943,3.31484375,1.8265625,-1.48828125
Q8,17,17,17,0.0,0.0,0.0,0.1,0.0,-0.1,0.1,0.0,-0.1,1.6743672370910645,1.0131254196166992,-0.6612418174743653,0.015228579800532317,0.00772514144955494,-0.007503438350977377,2.4875,1.530859375,-0.9566406249999999
Q8,18,18,18,0.0,0.0,0.0,0.1,0.0,-0.1,0.1,0.0,-0.1,1.5105838775634766,1.104372787475586,-0.4062110900878906,0.01415450317763316,0.007336977956947521,-0.0068175252206856395,2.2734375,1.591015625,-0.682421875
Q8,19,19,19,0.0,0.0,0.0,0.0,0.0,0.0,0.0,0.0,0.0,1.2026256561279296,0.8753046989440918,-0.3273209571838378,0.008051212106511229,0.004674830770818516,-0.0033763813356927127,1.8609375,1.2625,-0.5984375
Q8,20,20,20,0.0,0.0,0.0,0.0,0.0,0.0,0.0,0.0,0.0,1.0460083961486817,0.7641626358032226,-0.28184576034545905,0.005387462359431083,0.001880299541153363,-0.00350716281827772,1.759765625,1.171875,-0.587890625
Q8,21,21,21,0.0,0.0,0.0,0.0,0.1,0.1,0.0,0.1,0.1,0.7569880485534668,0.4753377914428711,-0.2816502571105957,0.0043242831230600135,0.0020099793022382074,-0.002314303820821806,1.291796875,0.86171875,-0.430078125
Q8,22,22,22,0.0,0.0,0.0,0.0,0.0,0.0,0.0,0.0,0.0,0.6064149856567382,0.5172072410583496,-0.08920774459838865,0.0033270384978095536,0.001515384439335321,-0.0018116540584742326,1.05546875,0.996875,-0.05859375
Q8,23,23,23,0.0,0.0,0.0,0.0,0.0,0.0,0.0,0.0,0.0,0.5167882919311524,0.37460012435913087,-0.14218816757202152,0.0027920860371523303,0.000965720925523783,-0.0018263651116285473,0.96875,0.901953125,-0.06679687499999998
Q8,24,24,24,0.0,0.0,0.0,0.0,0.0,0.0,0.0,0.0,0.0,0.46727809906005857,0.3399199485778809,-0.1273581504821777,0.0022564257227713825,0.000462151445208292,-0.0017942742775630906,0.95,0.932421875,-0.017578125
Q8,25,25,25,0.0,0.0,0.0,0.0,0.0,0.0,0.0,0.0,0.0,0.4096070289611816,0.34976892471313475,-0.059838104248046864,0.0019958969380240886,0.0005084505593913491,-0.0014874463786327394,0.87109375,0.828125,-0.04296875
Q8,26,26,26,0.0,0.0,0.0,0.0,0.0,0.0,0.0,0.0,0.0,0.3807697296142578,0.34075164794921875,-0.04001808166503906,0.0022743673625882366,0.0011967104539508,-0.0010776569086374365,0.863671875,0.950390625,0.08671875000000007
Q8,27,27,27,0.0,0.0,0.0,0.0,0.0,0.0,0.0,0.0,0.0,0.2915750503540039,0.24766197204589843,-0.04391307830810545,0.0016718669246984063,0.0006398369232556433,-0.001032030001442763,0.755078125,0.5578125,-0.197265625
Q8,28,28,28,0.0,0.0,0.0,0.0,0.0,0.0,0.0,0.0,0.0,0.26682167053222655,0.23411731719970702,-0.03270435333251953,0.001646363224608649,0.002243795801769011,0.0005974325771603618,0.719921875,0.558203125,-0.16171875000000002
Q8,29,29,29,0.0,0.0,0.0,0.0,0.0,0.0,0.0,0.0,0.0,0.22128877639770508,-0.03972845077514649,-0.2610172271728516,0.0012369676542220986,0.004860201738847536,0.003623234084625437,0.417578125,0.536328125,0.11875000000000002
Q8,30,30,30,0.0,0.0,0.0,0.0,0.0,0.0,0.0,0.0,0.0,0.1624279022216797,-0.9453537940979004,-1.1077816963195801,0.0010611230236463598,0.00039906049823912326,-0.0006620625254072365,0.341796875,0.146875,-0.194921875
Q8,31,31,31,0.0,0.0,0.0,0.0,0.0,0.0,0.0,0.0,0.0,0.02958545684814453,-1.1466614723205566,-1.1762469291687012,0.000275759274882148,-0.0018896585820584733,-0.002165417856940621,-0.02109375,-0.280078125,-0.258984375
Q9,0,0,0,0.0,0.0,0.0,0.2,0.1,-0.1,0.2,0.1,-0.1,0.7128439903259277,0.6049773216247558,-0.1078666687011719,0.020319186941560475,0.01305021713633323,-0.007268969805227244,0.226953125,-0.115234375,-0.3421875
Q9,1,1,1,0.0,0.0,0.0,0.2,0.1,-0.1,0.2,0.1,-0.1,1.4048378944396973,1.1455427169799806,-0.25929517745971675,0.029030994611093774,0.016373715830559375,-0.012657278780534399,1.048828125,0.85234375,-0.19648437500000004
Q9,2,2,2,0.0,0.0,0.0,0.0,0.0,0.0,0.0,0.0,0.0,-2.9303561210632325,-0.37036762237548826,2.559988498687744,-0.006256966071248371,-0.00041625201629358344,0.005840714054954788,-1.00859375,0.395703125,1.404296875
Q9,3,3,3,0.0,0.0,0.0,0.0,0.0,0.0,0.0,0.0,0.0,-3.377570056915283,-0.37854366302490233,2.999026393890381,-0.006329531699032031,-2.1821318659931423e-05,0.0063077103803720995,-0.464453125,0.51640625,0.980859375
Q9,4,4,4,0.0,0.0,0.0,0.0,0.0,0.0,0.0,0.0,0.0,-1.8264708518981934,1.8266629219055175,3.653133773803711,-0.0011540199478531576,0.029478434372140327,0.030632454319993483,0.82578125,2.00390625,1.178125
Q9,5,5,5,0.0,0.0,0.0,0.1,0.1,0.0,0.1,0.1,0.0,0.510251522064209,2.3562392234802245,1.8459877014160155,0.014067639389941178,0.03165648399226484,0.017588844602323662,1.952734375,2.177734375,0.2250000000000001
Q9,6,6,6,0.0,0.0,0.0,0.1,0.1,0.0,0.1,0.1,0.0,1.4825020790100099,2.882251834869385,1.399749755859375,0.025686975642020115,0.04398623158995178,0.018299255947931668,2.1109375,2.361328125,0.2503906250000001
Q9,7,7,7,0.0,0.0,0.0,0.2,0.2,0.0,0.2,0.2,0.0,2.341662311553955,3.5700920104980467,1.2284296989440917,0.04469226090659504,0.08509104984186706,0.040398788935272024,2.87578125,3.266796875,0.39101562499999964
Q9,8,8,8,0.0,0.0,0.0,0.2,0.3,0.09999999999999998,0.2,0.3,0.09999999999999998,3.0155296325683594,3.560171890258789,0.5446422576904295,0.09724803933131625,0.11534302368600038,0.018094984354684138,3.825390625,3.941796875,0.11640625000000027
Q9,9,9,9,0.0,0.0,0.0,0.2,0.2,0.0,0.2,0.2,0.0,3.301352882385254,3.501152515411377,0.19979963302612314,0.13650833906795015,0.12804345252297936,-0.008464886544970796,4.186328125,4.512109375,0.32578124999999947
Q9,10,10,10,0.0,0.0,0.0,0.3,0.2,-0.09999999999999998,0.3,0.2,-0.09999999999999998,3.649691581726074,3.7596750259399414,0.10998344421386719,0.16407063306614872,0.14863028480976936,-0.015440348256379355,4.568359375,4.812109375,0.24375000000000036
Q9,11,11,11,0.0,0.0,0.0,0.2,0.2,0.0,0.2,0.2,0.0,3.6674891471862794,3.706157112121582,0.03866796493530256,0.15537143263572945,0.15553669364962844,0.00016526101389899295,4.125390625,4.437890625,0.3125
Q9,12,12,12,0.0,0.0,0.0,0.3,0.2,-0.09999999999999998,0.3,0.2,-0.09999999999999998,4.176151752471924,3.657718467712402,-0.5184332847595217,0.21603072285142844,0.15806232647810248,-0.05796839637332596,5.602734375,5.434765625,-0.16796875
Q9,13,13,13,0.0,0.0,0.0,0.3,0.2,-0.09999999999999998,0.3,0.2,-0.09999999999999998,4.3263694763183596,3.6800618171691895,-0.6463076591491701,0.22915690605368583,0.15633010505189304,-0.07282680100179278,5.777734375,5.517578125,-0.26015624999999964
Q9,14,14,14,0.0,0.0,0.0,0.4,0.2,-0.2,0.4,0.2,-0.2,3.911855125427246,3.515288734436035,-0.39656639099121094,0.16029648327457835,0.12170360543605056,-0.038592877838527787,4.876953125,4.847265625,-0.029687499999999645
Q9,15,15,15,0.0,0.0,0.0,0.1,0.1,0.0,0.1,0.1,0.0,3.0948441505432127,2.7850786209106446,-0.3097655296325681,0.07439297626915505,0.0540898875980929,-0.020303088671062147,3.456640625,3.532421875,0.07578124999999991
Q9,16,16,16,0.0,0.0,0.0,0.1,0.1,0.0,0.1,0.1,0.0,2.03739652633667,1.8560122489929198,-0.18138427734375018,0.03679787453220342,0.03132413682542392,-0.005473737706779502,2.205078125,2.4140625,0.208984375
Q9,17,17,17,0.0,0.0,0.0,0.1,0.1,0.0,0.1,0.1,0.0,1.462375545501709,1.376193904876709,-0.086181640625,0.017524120306916302,0.014847408115019788,-0.002676712191896514,1.55078125,1.800390625,0.2496093749999999
Q9,18,18,18,0.0,0.0,0.0,0.1,0.1,0.0,0.1,0.1,0.0,1.5940998077392579,1.430728054046631,-0.1633717536926269,0.019149117607594236,0.013998526395153022,-0.005150591212441213,1.799609375,1.84453125,0.044921875
Q9,19,19,19,0.0,0.0,0.0,0.1,0.1,0.0,0.1,0.1,0.0,1.0909534454345704,0.975682258605957,-0.11527118682861337,0.011724558314745082,0.008568410123552894,-0.003156148191192188,1.066796875,1.190625,0.12382812499999996
Q9,20,20,20,0.0,0.0,0.0,0.1,0.1,0.0,0.1,0.1,0.0,1.026316261291504,0.8656977653503418,-0.16061849594116218,0.007244919184449828,0.004824975360679673,-0.0024199438237701544,1.220703125,1.22578125,0.005078125000000044
Q9,21,21,21,0.0,0.0,0.0,0.1,0.1,0.0,0.1,0.1,0.0,0.5821501731872558,0.49242343902587893,-0.08972673416137689,0.004823604245757451,0.0028100703995733054,-0.002013533846184146,0.689453125,0.73203125,0.04257812500000002
Q9,22,22,22,0.0,0.0,0.0,0.1,0.1,0.0,0.1,0.1,0.0,0.4599365234375,0.43108272552490234,-0.02885379791259768,0.0037112962134415286,0.002598964446951868,-0.0011123317664896606,0.7703125,0.837890625,0.06757812500000004
Q9,23,23,23,0.0,0.0,0.0,0.1,0.1,0.0,0.1,0.1,0.0,0.43008899688720703,0.4208530426025391,-0.009235954284667947,0.003292322737252107,0.002163744648714783,-0.001128578088537324,0.849609375,0.87890625,0.029296875
Q9,24,24,24,0.0,0.0,0.0,0.1,0.1,0.0,0.1,0.1,0.0,0.40491657257080077,0.4090068817138672,0.004090309143066406,0.004617213585152058,0.0032008560774556827,-0.0014163575076963754,0.846484375,0.880078125,0.03359375000000009
Q9,25,25,25,0.0,0.0,0.0,0.1,0.1,0.0,0.1,0.1,0.0,0.519614315032959,0.5238740921020508,0.0042597770690918635,0.004303661938320147,0.0027524148776137737,-0.001551247060706373,0.819921875,0.853515625,0.03359374999999998
Q9,26,26,26,0.0,0.0,0.0,0.1,0.1,0.0,0.1,0.1,0.0,0.28527421951293946,0.3303962707519531,0.04512205123901364,0.0033791146699513773,0.002620030089019565,-0.0007590845809318124,0.628515625,0.69609375,0.06757812499999993
Q9,27,27,27,0.0,0.0,0.0,0.1,0.1,0.0,0.1,0.1,0.0,0.3090061187744141,0.3631932258605957,0.05418710708618163,0.0035319340975547677,0.002650224218814401,-0.0008817098787403665,0.396875,0.516015625,0.119140625
Q9,28,28,28,0.0,0.0,0.0,0.1,0.1,0.0,0.1,0.1,0.0,0.19617900848388672,0.24740896224975586,0.05122995376586914,0.003093528125464218,0.0019297893428301903,-0.0011637387826340276,0.523828125,0.564453125,0.04062500000000002
Q9,29,29,29,0.0,0.0,0.0,0.1,0.1,0.0,0.1,0.1,0.0,-0.29910831451416015,-0.05808706283569336,0.24102125167846677,0.00632656493326067,0.00549670052350848,-0.0008298644097521901,0.40234375,0.46796875,0.06562499999999999
Q9,30,30,30,0.0,0.0,0.0,0.0,0.0,0.0,0.0,0.0,0.0,-0.9083067893981933,-0.6582921981811524,0.25001459121704095,0.005330958802005625,0.006438840255214018,0.0011078814532083925,0.36015625,0.484375,0.12421874999999999
Q9,31,31,31,0.0,0.0,0.0,0.0,0.0,0.0,0.0,0.0,0.0,-1.158170795440674,-0.8793663024902344,0.2788044929504395,-0.004647301450677333,-0.004039428602482076,0.0006078728481952568,-0.078125,-0.048046875,0.030078124999999997
Q11,0,0,0,0.0,0.0,0.0,0.1,0.0,-0.1,0.1,0.0,-0.1,-0.18029136657714845,0.26950483322143554,0.449796199798584,-0.006735110809313482,-0.0044129207613877956,0.002322190047925687,-0.3716796875,0.103125,0.47480468750000004
Q11,1,1,1,0.0,0.0,0.0,0.1,0.0,-0.1,0.1,0.0,-0.1,-0.165543270111084,0.4212212562561035,0.5867645263671875,-0.0065767054187745085,-0.0027895114431885303,0.0037871939755859782,-0.42578125,0.65546875,1.08125
Q11,2,2,2,0.0,0.0,0.0,0.1,0.0,-0.1,0.1,0.0,-0.1,0.44252328872680663,-0.63089599609375,-1.0734192848205566,-0.000934382446212112,-0.007183288652595365,-0.006248906206383254,0.512890625,0.6484375,0.13554687499999996
Q11,3,3,3,0.0,0.0,0.0,0.2,0.0,-0.2,0.2,0.0,-0.2,1.3468628883361817,-0.18798208236694336,-1.534844970703125,0.00122929803947045,-0.003628450708811215,-0.004857748748281665,0.752734375,1.3310546875,0.5783203125
Q11,4,4,4,0.0,0.0,0.0,0.3,0.1,-0.19999999999999998,0.3,0.1,-0.19999999999999998,1.552782917022705,0.7375784873962402,-0.8152044296264648,0.009874216764364974,0.005197002285785857,-0.004677214478579117,0.994921875,1.76328125,0.768359375
Q11,5,5,5,0.0,0.0,0.0,0.2,0.1,-0.1,0.2,0.1,-0.1,1.7657693862915038,0.8821104049682618,-0.883658981323242,0.021689970448278473,0.013287086051786901,-0.008402884396491572,1.48359375,1.479296875,-0.004296875000000089
Q11,6,6,6,0.0,0.0,0.0,0.2,0.1,-0.1,0.2,0.1,-0.1,1.5026331901550294,0.969878101348877,-0.5327550888061524,0.018458136613844545,0.013438473661153694,-0.005019662952690851,1.1859375,1.295703125,0.10976562499999987
Q11,7,7,7,0.0,0.0,0.0,0.2,0.1,-0.1,0.2,0.1,-0.1,1.6541592597961425,1.2512930870056151,-0.4028661727905274,0.020541923199562006,0.0278569005899044,0.007314977390342394,1.445703125,1.708203125,0.26249999999999996
Q11,8,8,8,0.0,0.0,0.0,0.2,0.2,0.0,0.2,0.2,0.0,1.9063011169433595,1.5372888565063476,-0.36901226043701185,0.02347614708742185,0.027619159553796634,0.004143012466374784,1.86328125,2.4734375,0.6101562500000002
Q11,9,9,9,0.0,0.0,0.0,0.3,0.4,0.10000000000000003,0.3,0.4,0.10000000000000003,2.8022300720214846,1.7174175262451172,-1.0848125457763673,0.038713567390004755,0.03597465250095411,-0.0027389148890506476,2.752734375,2.869140625,0.11640624999999982
Q11,10,10,10,0.0,0.0,0.0,0.5,0.3,-0.2,0.5,0.3,-0.2,3.606881046295166,2.0539500236511232,-1.5529310226440427,0.09465229768575227,0.047283534179223353,-0.04736876350652892,3.976171875,3.36484375,-0.611328125
Q11,11,11,11,0.0,0.0,0.0,0.4,0.3,-0.10000000000000003,0.4,0.3,-0.10000000000000003,3.41004638671875,2.1369043350219727,-1.273142051696777,0.07224929729745781,0.05877535885119869,-0.013473938446259125,3.713671875,3.155859375,-0.5578125000000003
Q11,12,12,12,0.0,0.0,0.0,0.5,0.2,-0.3,0.5,0.2,-0.3,3.728532600402832,2.2198805809020996,-1.5086520195007322,0.09148815140397346,0.08320445273748192,-0.008283698666491535,4.463671875,3.844140625,-0.6195312500000001
Q11,13,13,13,0.0,0.0,0.0,0.4,0.3,-0.10000000000000003,0.4,0.3,-0.10000000000000003,3.897161293029785,2.2907767295837402,-1.6063845634460447,0.13108257591993605,0.08369575931028521,-0.04738681660965084,4.963671875,4.075390625,-0.8882812500000004
Q11,14,14,14,0.0,0.0,0.0,0.4,0.3,-0.10000000000000003,0.4,0.3,-0.10000000000000003,4.01795711517334,2.1400224685668947,-1.8779346466064455,0.15319196056843792,0.06375878597064003,-0.0894331745977979,5.654296875,3.981640625,-1.6726562500000002
Q11,15,15,15,0.0,0.0,0.0,0.4,0.3,-0.10000000000000003,0.4,0.3,-0.10000000000000003,3.131551170349121,2.040562152862549,-1.0909890174865722,0.06556334662054723,0.04293112247869431,-0.022632224141852925,4.261328125,3.280859375,-0.9804687500000004
Q11,16,16,16,0.0,0.0,0.0,0.3,0.3,0.0,0.3,0.3,0.0,2.7201632499694823,1.6376075744628906,-1.0825556755065917,0.04999107999065018,0.034831046691761,-0.01516003329888918,3.844921875,2.552734375,-1.2921874999999998
Q11,17,17,17,0.0,0.0,0.0,0.2,0.1,-0.1,0.2,0.1,-0.1,2.0497053146362303,1.5575847625732422,-0.4921205520629881,0.021226107573966146,0.02287924024894892,0.0016531326749827727,2.904296875,2.28828125,-0.6160156250000002
Q11,18,18,18,0.0,0.0,0.0,0.2,0.2,0.0,0.2,0.2,0.0,1.843254566192627,1.480181884765625,-0.363072681427002,0.018554170997595064,0.01690197573370824,-0.0016521952638868243,2.6890625,2.287890625,-0.40117187499999973
Q11,19,19,19,0.0,0.0,0.0,0.2,0.1,-0.1,0.2,0.1,-0.1,1.512328815460205,1.2054597854614257,-0.3068690299987793,0.01187129298086802,0.010363423684975715,-0.0015078692958923057,2.218359375,1.940625,-0.27773437499999987
Q11,20,20,20,0.0,0.0,0.0,0.1,0.2,0.1,0.1,0.2,0.1,1.4147010803222657,1.0641112327575684,-0.35058984756469735,0.010428973479793057,0.008299315444673994,-0.0021296580351190635,2.189453125,1.703515625,-0.4859374999999999
Q11,21,21,21,0.0,0.0,0.0,0.1,0.2,0.1,0.1,0.2,0.1,1.0361738204956055,0.7433379173278809,-0.29283590316772456,0.005933149280099315,0.003365881319405162,-0.002567267960694153,1.60390625,1.309765625,-0.29414062500000004
Q11,22,22,22,0.0,0.0,0.0,0.1,0.0,-0.1,0.1,0.0,-0.1,0.7739786148071289,0.4987590789794922,-0.27521953582763675,0.005058498859943939,0.0001888097594928695,-0.004869689100451069,1.25703125,1.201171875,-0.055859375000000044
Q11,23,23,23,0.0,0.0,0.0,0.1,0.0,-0.1,0.1,0.0,-0.1,0.656246280670166,0.4910874366760254,-0.1651588439941406,0.00509840389531746,-0.0008718752902495908,-0.0059702791855670515,1.156640625,1.32265625,0.166015625
Q11,24,24,24,0.0,0.0,0.0,0.1,0.0,-0.1,0.1,0.0,-0.1,0.5952038764953613,0.5263217926025391,-0.06888208389282224,0.0041562350907042855,-0.0016353390656149713,-0.005791574156319257,1.090625,1.341015625,0.2503906250000001
Q11,25,25,25,0.0,0.0,0.0,0.1,0.0,-0.1,0.1,0.0,-0.1,0.5404115676879883,0.3999762535095215,-0.14043531417846677,0.003207621242836467,-0.002888740865091677,-0.006096362107928144,1.0609375,1.03203125,-0.028906250000000133
Q11,26,26,26,0.0,0.0,0.0,0.1,0.0,-0.1,0.1,0.0,-0.1,0.4756584167480469,0.2567779541015625,-0.21888046264648436,0.004239111452989164,-0.001386090869709733,-0.005625202322698896,0.98125,1.006640625,0.025390625
Q11,27,27,27,0.0,0.0,0.0,0.1,0.0,-0.1,0.1,0.0,-0.1,0.4720245361328125,0.2987067222595215,-0.17331781387329098,0.004058274746421375,0.0013589986472652526,-0.002699276099156122,0.958984375,0.70390625,-0.25507812500000004
Q11,28,28,28,0.0,0.0,0.0,0.1,0.1,0.0,0.1,0.1,0.0,0.41083345413208006,0.28015995025634766,-0.1306735038757324,0.004177511629313813,0.007917596885090462,0.0037400852557766488,0.834375,0.66171875,-0.17265624999999996
Q11,29,29,29,0.0,0.0,0.0,0.1,0.1,0.0,0.1,0.1,0.0,0.30307750701904296,-0.07206001281738281,-0.37513751983642574,0.004293860641701031,0.033292841745242184,0.028998981103541155,0.350390625,0.75859375,0.40820312499999994
Q11,30,30,30,0.0,0.0,0.0,0.1,0.1,0.0,0.1,0.1,0.0,0.2538312911987305,-0.8517668724060059,-1.1055981636047365,0.004561916125021525,0.011939833554015422,0.007377917428993897,0.337109375,0.5193359375,0.18222656249999997
Q11,31,31,31,0.0,0.0,0.0,0.0,0.0,0.0,0.0,0.0,0.0,0.041666412353515626,-1.1318014144897461,-1.1734678268432617,0.0006148572243546369,-0.00737556666308592,-0.007990423887440557,-0.00546875,-0.158984375,-0.15351562500000002
Q13,0,0,0,0.1,0.1,0.0,0.0,0.1,0.1,-0.1,0.0,0.1,-0.7129311561584473,-0.059245872497558597,0.6536852836608886,-0.0026390270043521015,0.0032225643753008627,0.005861591379652965,-1.6384765625,-0.5771484375,1.061328125
Q13,1,1,1,0.1,0.1,0.0,0.1,0.0,-0.1,0.0,-0.1,-0.1,-0.6229265213012696,0.38063831329345704,1.0035648345947266,0.0015432006284754607,0.022106170646839018,0.020562970018363557,-1.2453125,0.3830078125,1.6283203125
Q13,2,2,2,0.1,0.1,0.0,0.2,0.0,-0.2,0.1,-0.1,-0.2,0.37086896896362304,-0.5166233062744141,-0.8874922752380372,0.01597108259848028,0.002645136240687407,-0.013325946357792873,-0.394140625,0.415625,0.809765625
Q13,3,3,3,0.1,0.1,0.0,0.2,0.0,-0.2,0.1,-0.1,-0.2,0.5631330490112305,-0.12733287811279298,-0.6904659271240234,0.016820580307557974,0.018232822834772833,0.0014122425272148596,-0.3263671875,1.0072265625,1.3335937500000001
Q13,4,4,4,0.1,0.1,0.0,0.2,0.2,0.0,0.1,0.1,0.0,0.8561795234680176,0.6744503021240235,-0.18172922134399416,0.020012010243681287,0.025026133241681237,0.005014122997999949,0.1625,1.4212890625,1.2587890625
Q13,5,5,5,0.1,0.1,0.0,0.5,0.2,-0.3,0.4,0.1,-0.30000000000000004,1.3234942436218262,1.0369439125061035,-0.2865503311157227,0.04063604452157961,0.0323824602739478,-0.008253584247631812,0.8091796875,1.5171875,0.7080078124999999
Q13,6,6,6,0.1,0.1,0.0,0.4,0.2,-0.2,0.30000000000000004,0.1,-0.20000000000000004,1.3424744606018066,1.0218568801879884,-0.32061758041381827,0.04040095036225466,0.02923089596433783,-0.01117005439791683,1.077734375,1.453125,0.3753906250000001
Q13,7,7,7,0.1,0.1,0.0,0.4,0.3,-0.10000000000000003,0.30000000000000004,0.19999999999999998,-0.10000000000000006,1.3819085121154786,1.3369156837463378,-0.04499282836914076,0.04425297267498536,0.04828024603011727,0.004027273355131908,1.21796875,1.953125,0.73515625
Q13,8,8,8,0.1,0.1,0.0,0.6,0.3,-0.3,0.5,0.19999999999999998,-0.30000000000000004,1.6850157737731934,1.7370315551757813,0.05201578140258789,0.07173043275570308,0.09126198210869915,0.019531549352996072,1.8103515625,2.996484375,1.1861328125000001
Q13,9,9,9,0.1,0.1,0.0,0.7,0.5,-0.19999999999999996,0.6,0.4,-0.19999999999999996,2.11790189743042,2.0125962257385255,-0.10530567169189453,0.11803284585212168,0.12241400724014966,0.004381161388027979,2.091796875,3.3458984375,1.2541015624999998
Q13,10,10,10,0.1,0.1,0.0,0.7,0.4,-0.29999999999999993,0.6,0.30000000000000004,-0.29999999999999993,2.3741082191467284,2.058698558807373,-0.31540966033935547,0.16959340174207682,0.12236543926665036,-0.04722796247542646,2.624609375,3.70078125,1.076171875
Q13,11,11,11,0.1,0.1,0.0,0.6,0.4,-0.19999999999999996,0.5,0.30000000000000004,-0.19999999999999996,2.4517664909362793,2.0988457679748533,-0.35292072296142596,0.16295327158049985,0.13957671700791252,-0.023376554572587332,2.6884765625,3.6921875,1.0037109375000002
Q13,12,12,12,0.1,0.1,0.0,0.6,0.4,-0.19999999999999996,0.5,0.30000000000000004,-0.19999999999999996,2.643759250640869,2.307120513916016,-0.33663873672485334,0.21012750265172145,0.16327949463006916,-0.04684800802165229,3.3470703125,4.4232421875,1.0761718749999996
Q13,13,13,13,0.1,0.1,0.0,0.6,0.4,-0.19999999999999996,0.5,0.30000000000000004,-0.19999999999999996,2.623447227478027,2.3249228477478026,-0.2985243797302246,0.23165890047030188,0.1765526511985172,-0.055106249271784674,3.7025390625,4.7615234375,1.058984375
Q13,14,14,14,0.1,0.1,0.0,0.6,0.5,-0.09999999999999998,0.5,0.4,-0.09999999999999998,2.7019566535949706,1.9754535675048828,-0.7265030860900878,0.29329294908902737,0.10625503009005115,-0.1870379189989762,4.5943359375,3.9541015625,-0.6402343750000004
Q13,15,15,15,0.1,0.1,0.0,0.7,0.3,-0.39999999999999997,0.6,0.19999999999999998,-0.4,2.2961715698242187,1.9359352111816406,-0.3602363586425781,0.18044056879143683,0.07279557072579337,-0.10764499806564345,3.446875,3.2072265625,-0.2396484375000001
Q13,16,16,16,0.1,0.1,0.0,0.6,0.3,-0.3,0.5,0.19999999999999998,-0.30000000000000004,2.0307554244995116,1.5723347663879395,-0.4584206581115722,0.12049396384481952,0.04711897071565545,-0.07337499312916407,2.926171875,2.50390625,-0.4222656250000001
Q13,17,17,17,0.1,0.1,0.0,0.3,0.2,-0.09999999999999998,0.19999999999999998,0.1,-0.09999999999999998,1.520921230316162,1.305962371826172,-0.2149588584899902,0.056794998083660175,0.03353021221005292,-0.023264785873607252,2.263671875,2.048828125,-0.21484375
Q13,18,18,18,0.1,0.1,0.0,0.2,0.2,0.0,0.1,0.1,0.0,1.3550143241882324,1.1134480476379394,-0.24156627655029306,0.04467074117628726,0.02673246719468807,-0.017938273981599192,2.0333984375,1.81640625,-0.21699218749999982
Q13,19,19,19,0.1,0.1,0.0,0.2,0.2,0.0,0.1,0.1,0.0,1.1334945678710937,0.8487157821655273,-0.28477878570556636,0.030525968440906583,0.020167241226590703,-0.01035872721431588,1.6232421875,1.4671875,-0.15605468749999996
Q13,20,20,20,0.1,0.1,0.0,0.2,0.2,0.0,0.1,0.1,0.0,1.043731117248535,0.8156552314758301,-0.228075885772705,0.02654465353671185,0.01652373206561606,-0.01002092147109579,1.5818359375,1.42265625,-0.1591796875
Q13,21,21,21,0.1,0.1,0.0,0.1,0.1,0.0,0.0,0.0,0.0,0.7285575866699219,0.6211684226989747,-0.10738916397094722,0.015765454352367668,0.010140012894726168,-0.0056254414576414995,1.0701171875,1.1302734375,0.06015625000000013
Q13,22,22,22,0.1,0.1,0.0,0.1,0.1,0.0,0.0,0.0,0.0,0.5000446319580079,0.3572687149047852,-0.14277591705322268,0.010187043146470388,0.006676035170812611,-0.003511007975657777,0.7814453125,0.9376953125,0.15625
Q13,23,23,23,0.1,0.1,0.0,0.1,0.1,0.0,0.0,0.0,0.0,0.4283267021179199,0.31951045989990234,-0.10881624221801756,0.008338568364388265,0.0039744688862811016,-0.004364099478107164,0.7009765625,1.00234375,0.30136718750000013
Q13,24,24,24,0.1,0.1,0.0,0.1,0.1,0.0,0.0,0.0,0.0,0.37806262969970705,0.44333572387695314,0.06527309417724608,0.007597004385797845,0.006571449671264417,-0.0010255547145334278,0.676953125,1.1724609375,0.49550781249999987
Q13,25,25,25,0.1,0.1,0.0,0.1,0.1,0.0,0.0,0.0,0.0,0.34631738662719724,0.37658042907714845,0.030263042449951205,0.007399683774110599,0.004401346627128077,-0.002998337146982522,0.6734375,0.9271484375,0.25371093749999996
Q13,26,26,26,0.1,0.1,0.0,0.1,0.1,0.0,0.0,0.0,0.0,0.3237567901611328,0.30962705612182617,-0.014129734039306618,0.0068606342313159985,0.004271648376743542,-0.0025889858545724564,0.6470703125,0.942578125,0.2955078125
Q13,27,27,27,0.1,0.1,0.0,0.1,0.1,0.0,0.0,0.0,0.0,0.25964984893798826,0.22500152587890626,-0.034648323059082,0.005238395411834062,0.0034730297840269487,-0.0017653656278071137,0.6232421875,0.528125,-0.09511718750000009
Q13,28,28,28,0.1,0.1,0.0,0.1,0.1,0.0,0.0,0.0,0.0,0.2175762176513672,0.16952123641967773,-0.04805498123168947,0.004332412060784918,0.005005479811597979,0.0006730677508130613,0.5255859375,0.4578125,-0.06777343750000003
Q13,29,29,29,0.1,0.1,0.0,0.1,0.0,-0.1,0.0,-0.1,-0.1,0.1435140609741211,-0.2762995719909668,-0.4198136329650879,0.0023449823860119067,-0.004253548756742021,-0.006598531142753928,0.153125,0.266015625,0.11289062499999997
Q13,30,30,30,0.1,0.1,0.0,0.1,0.0,-0.1,0.0,-0.1,-0.1,0.11951179504394531,-0.810402774810791,-0.9299145698547363,0.0025268592406064274,-0.006794565015559329,-0.009321424256165757,0.1818359375,0.24765625,0.0658203125
Q13,31,31,31,0.1,0.1,0.0,0.1,0.0,-0.1,0.0,-0.1,-0.1,0.13300857543945313,-1.1419960975646972,-1.2750046730041504,0.0023295444494578986,-0.012545318529396355,-0.014874862978854254,0.0318359375,-0.2826171875,-0.314453125
Q16,0,0,0,0.1,0.1,0.0,0.0,0.0,0.0,-0.1,-0.1,0.0,0.8801337242126465,-0.9899179458618164,-1.8700516700744627,-0.008035427783033811,-0.013308659363974584,-0.005273231580940773,0.4724609375,-1.0912109375,-1.563671875
Q16,1,1,1,0.1,0.1,0.0,0.0,0.0,0.0,-0.1,-0.1,0.0,0.7282427787780762,-0.26845502853393555,-0.9966978073120117,-0.006611855137452949,-0.012022094906569691,-0.005410239769116742,1.1017578125,0.0763671875,-1.025390625
Q16,2,2,2,0.1,0.1,0.0,0.0,0.0,0.0,-0.1,-0.1,0.0,-0.6018091201782226,-1.2961992263793944,-0.6943901062011718,-0.0013874113637939445,-0.011393992900320882,-0.010006581536526938,0.6537109375,-0.0673828125,-0.72109375
Q16,3,3,3,0.1,0.1,0.0,0.0,0.0,0.0,-0.1,-0.1,0.0,-1.1425704956054688,-0.7220707893371582,0.42049970626831057,-0.002964939977209724,0.00013720267579628854,0.0031021426530060126,0.7494140625,0.7044921875,-0.044921875
Q16,4,4,4,0.1,0.1,0.0,0.0,0.1,0.1,-0.1,0.0,0.1,-0.060314178466796875,0.5562885284423829,0.6166027069091797,-0.007980816332201357,0.019492869012901794,0.027473685345103152,0.5876953125,1.3037109375,0.716015625
Q16,5,5,5,0.1,0.1,0.0,0.1,0.1,0.0,0.0,0.0,0.0,0.6746640205383301,1.0643888473510743,0.38972482681274423,0.0035042385396081956,0.019031613885454136,0.015527375345845942,0.8314453125,1.3041015625,0.4726562500000001
Q16,6,6,6,0.1,0.1,0.0,0.1,0.1,0.0,0.0,0.0,0.0,1.1585941314697266,1.4059922218322753,0.24739809036254878,0.016488958420814014,0.018463198000972625,0.0019742395801586113,0.8044921875,1.4005859375,0.5960937500000001
Q16,7,7,7,0.1,0.1,0.0,0.1,0.1,0.0,0.0,0.0,0.0,1.3346705436706543,1.8557076454162598,0.5210371017456055,0.020938781033328267,0.023851470492081715,0.002912689458753448,1.7083984375,2.1580078125,0.4496093750000001
Q16,8,8,8,0.1,0.1,0.0,0.1,0.0,-0.1,0.0,-0.1,-0.1,2.0807121276855467,1.8238100051879882,-0.2569021224975585,0.02922309476416558,0.02114661469240673,-0.00807648007175885,2.8462890625,2.4865234375,-0.3597656250000001
Q16,9,9,9,0.1,0.1,0.0,0.1,0.1,0.0,0.0,0.0,0.0,2.0663784980773925,1.8574842453002929,-0.2088942527770996,0.0215864296129439,0.017178268713178114,-0.004408160899765787,3.1509765625,2.7099609375,-0.4410156249999999
Q16,10,10,10,0.1,0.1,0.0,0.2,0.1,-0.1,0.1,0.0,-0.1,2.2657695770263673,1.8317660331726073,-0.43400354385375994,0.028818081942154093,0.009697692247573286,-0.019120389694580808,3.1697265625,2.7708984375,-0.3988281250000001
Q16,11,11,11,0.1,0.1,0.0,0.2,0.0,-0.2,0.1,-0.1,-0.2,2.4089861869812013,2.024434280395508,-0.38455190658569327,0.03268508715555072,0.01919611629564315,-0.013488970859907568,3.3775390625,2.6298828125,-0.7476562499999999
Q16,12,12,12,0.1,0.1,0.0,0.2,0.1,-0.1,0.1,0.0,-0.1,3.2329541206359864,2.4524928092956544,-0.780461311340332,0.06155871375231072,0.044406448910012844,-0.017152264842297878,4.8814453125,3.7865234375,-1.0949218750000003
Q16,13,13,13,0.1,0.1,0.0,0.3,0.1,-0.19999999999999998,0.19999999999999998,0.0,-0.19999999999999998,3.675153923034668,2.4551693916320803,-1.219984531402588,0.08686171678127722,0.03785193514777348,-0.04900978163350374,5.7314453125,3.8154296875,-1.916015625
Q16,14,14,14,0.1,0.1,0.0,0.5,0.1,-0.4,0.4,0.0,-0.4,3.613158702850342,2.3176105499267576,-1.2955481529235842,0.06608997232979164,0.013805441139265896,-0.05228453119052574,5.4916015625,3.4310546875,-2.0605468749999996
Q16,15,15,15,0.1,0.1,0.0,0.1,0.1,0.0,0.0,0.0,0.0,3.082805347442627,1.885510540008545,-1.1972948074340821,0.045220796193461865,0.01051880040904507,-0.034701995784416795,4.4916015625,2.4505859375,-2.0410156249999996
Q16,16,16,16,0.1,0.1,0.0,0.1,0.1,0.0,0.0,0.0,0.0,2.797329807281494,1.6029627799987793,-1.1943670272827147,0.03913758754497394,0.013496359915006906,-0.025641227629967036,3.7794921875,1.9751953125,-1.804296875
Q16,17,17,17,0.1,0.1,0.0,0.1,0.1,0.0,0.0,0.0,0.0,2.185095024108887,1.228217315673828,-0.9568777084350588,0.025788165675476194,0.00830783689452801,-0.017480328780948184,2.9482421875,1.4888671875,-1.459375
Q16,18,18,18,0.1,0.1,0.0,0.1,0.1,0.0,0.0,0.0,0.0,2.0126914978027344,1.062492275238037,-0.9501992225646974,0.020602803910151124,0.0064879366924287755,-0.014114867217722349,2.7927734375,1.4466796875,-1.34609375
Q16,19,19,19,0.1,0.1,0.0,0.1,0.1,0.0,0.0,0.0,0.0,1.4500762939453125,0.6908992767333985,-0.759177017211914,0.009505682595772669,0.0027019566477974877,-0.006803725947975181,2.0080078125,0.9462890625,-1.0617187499999998
Q16,20,20,20,0.1,0.1,0.0,0.1,0.1,0.0,0.0,0.0,0.0,1.320536231994629,0.6229252815246582,-0.6976109504699708,0.006498115780414082,0.0006746073137037456,-0.005823508466710336,1.6923828125,0.9482421875,-0.744140625
Q16,21,21,21,0.1,0.1,0.0,0.1,0.1,0.0,0.0,0.0,0.0,0.9912442207336426,0.39908485412597655,-0.5921593666076661,0.0023593500838615,-0.0011163218456204048,-0.0034756719294819047,1.2962890625,0.7314453125,-0.5648437500000001
Q16,22,22,22,0.1,0.1,0.0,0.1,0.1,0.0,0.0,0.0,0.0,0.8765547752380372,0.3131132125854492,-0.5634415626525879,0.0037613219290506096,0.0004564614733681083,-0.0033048604556825015,1.2591796875,0.7240234375,-0.5351562500000001
Q16,23,23,23,0.1,0.1,0.0,0.1,0.1,0.0,0.0,0.0,0.0,0.6745152473449707,0.16120672225952148,-0.5133085250854492,0.0032488207143615,-0.00026835039097932166,-0.0035171711053408215,1.1654296875,0.6884765625,-0.4769531250000001
Q16,24,24,24,0.1,0.1,0.0,0.1,0.1,0.0,0.0,0.0,0.0,0.660794448852539,0.19249839782714845,-0.46829605102539057,0.002255038233124651,-0.0002786673838272691,-0.0025337056169519204,1.1169921875,0.7345703125,-0.3824218749999999
Q16,25,25,25,0.1,0.1,0.0,0.1,0.1,0.0,0.0,0.0,0.0,0.6610692024230957,0.2164091110229492,-0.4446600914001465,0.0006878551619593054,-0.0014029547906829975,-0.0020908099526423026,0.9646484375,0.6291015625,-0.3355468749999999
Q16,26,26,26,0.1,0.1,0.0,0.1,0.1,0.0,0.0,0.0,0.0,0.5714863777160645,0.21044960021972656,-0.3610367774963379,0.0026093241714988833,0.0009201051245327108,-0.0016892190469661725,0.9548828125,0.7275390625,-0.22734374999999996
Q16,27,27,27,0.1,0.1,0.0,0.1,0.1,0.0,0.0,0.0,0.0,0.3992597579956055,0.06424808502197266,-0.3350116729736328,0.0020308047656726557,0.00019047539972234518,-0.0018403293659503106,0.4623046875,0.3041015625,-0.158203125
Q16,28,28,28,0.1,0.1,0.0,0.1,0.1,0.0,0.0,0.0,0.0,0.36756458282470705,0.07197065353393554,-0.2955939292907715,0.003038856166676851,0.00023138868782552892,-0.002807467478851322,0.5337890625,0.4048828125,-0.12890625
Q16,29,29,29,0.1,0.1,0.0,0.1,0.1,0.0,0.0,0.0,0.0,0.2333353042602539,-0.02881031036376953,-0.2621456146240234,0.0283797351999965,0.014415816898690537,-0.013963918301305965,0.8138671875,0.5337890625,-0.28007812499999996
Q16,30,30,30,0.1,0.1,0.0,0.1,0.1,0.0,0.0,0.0,0.0,-0.15075998306274413,-0.47946653366088865,-0.3287065505981445,0.03740877284508315,0.031501259889046195,-0.005907512956036955,1.0333984375,0.6576171875,-0.37578125000000007
Q16,31,31,31,0.1,0.1,0.0,0.1,0.1,0.0,0.0,0.0,0.0,-0.3777522087097168,-0.6819637298583985,-0.30421152114868166,0.010369129924947628,0.007405296991419163,-0.002963832933528465,0.4974609375,0.1662109375,-0.33125
Q17,0,0,0,0.0,0.0,0.0,0.0,0.0,0.0,0.0,0.0,0.0,-0.2554764747619629,0.020619583129882813,0.2760960578918457,0.008693935772970462,0.006353887566501726,-0.002340048206468736,1.218115234375,1.04296875,-0.1751464843749999
Q17,1,1,1,0.0,0.0,0.0,0.1,0.0,-0.1,0.1,0.0,-0.1,0.7742152214050293,0.38909521102905276,-0.38512001037597654,0.04465737401071124,0.01577060215320216,-0.028886771857509076,2.623486328125,2.11103515625,-0.512451171875
Q17,2,2,2,0.0,0.0,0.0,0.0,0.0,0.0,0.0,0.0,0.0,-1.5600922584533692,-1.5165407180786132,0.04355154037475595,0.01411622940631858,0.003249688843411036,-0.010866540562907544,1.908349609375,1.43466796875,-0.4736816406250002
Q17,3,3,3,0.0,0.0,0.0,0.0,0.0,0.0,0.0,0.0,0.0,-2.4973565101623536,-2.1423871994018553,0.3549693107604983,0.0017619099949804707,-0.0001541082660779125,-0.0019160182610583833,1.3240234375,1.1568359375,-0.16718750000000004
Q17,4,4,4,0.0,0.0,0.0,0.1,0.1,0.0,0.1,0.1,0.0,-1.6399619102478027,-0.22682590484619142,1.4131360054016113,0.024878403386334468,0.022401431611990576,-0.0024769717743438925,1.863232421875,2.16123046875,0.29799804687499987
Q17,5,5,5,0.0,0.0,0.0,0.1,0.1,0.0,0.1,0.1,0.0,-0.7014368057250977,1.0408437728881836,1.7422805786132813,0.019772468050503277,0.026109231903171805,0.006336763852668528,1.93564453125,2.44609375,0.5104492187500003
Q17,6,6,6,0.0,0.0,0.0,0.1,0.1,0.0,0.1,0.1,0.0,0.003609180450439453,1.616096591949463,1.6124874114990235,0.019308642808391598,0.027312312097046744,0.008003669288655146,1.83603515625,2.50126953125,0.6652343750000003
Q17,7,7,7,0.0,0.0,0.0,0.1,0.3,0.19999999999999998,0.1,0.3,0.19999999999999998,1.1557750701904297,2.6347071647644045,1.4789320945739748,0.024322338898946326,0.0461989088304108,0.021876569931464473,3.02236328125,3.57802734375,0.5556640625
Q17,8,8,8,0.0,0.0,0.0,0.2,0.3,0.09999999999999998,0.2,0.3,0.09999999999999998,1.7876669883728027,2.7675491333007813,0.9798821449279786,0.040601049601582416,0.05352441103023011,0.012923361428647695,4.05244140625,4.18037109375,0.1279296875
Q17,9,9,9,0.0,0.0,0.0,0.4,0.4,0.0,0.4,0.4,0.0,3.2025282859802244,3.044656181335449,-0.1578721046447753,0.08734953453968046,0.06640219900655212,-0.020947335533128345,5.29677734375,4.66318359375,-0.6335937499999993
Q17,10,10,10,0.0,0.0,0.0,0.5,0.3,-0.2,0.5,0.3,-0.2,3.7082426071166994,3.2195786476135253,-0.4886639595031741,0.13965928462348529,0.08493761023710249,-0.0547216743863828,5.59677734375,4.78349609375,-0.8132812500000002
Q17,11,11,11,0.0,0.0,0.0,0.4,0.3,-0.10000000000000003,0.4,0.3,-0.10000000000000003,3.6333242416381837,3.097606563568115,-0.5357176780700685,0.15230212267561,0.08255444680908113,-0.06974767586652887,5.13193359375,4.30771484375,-0.82421875
Q17,12,12,12,0.0,0.0,0.0,0.5,0.3,-0.2,0.5,0.3,-0.2,3.9515193939208983,3.339124584197998,-0.6123948097229004,0.20203710733694608,0.1062459568544,-0.09579115048254608,6.43271484375,5.45419921875,-0.978515625
Q17,13,13,13,0.0,0.0,0.0,0.5,0.4,-0.09999999999999998,0.5,0.4,-0.09999999999999998,4.053146934509277,3.558467483520508,-0.4946794509887691,0.21594523979510996,0.11826087805166026,-0.0976843617434497,6.62998046875,5.80185546875,-0.828125
Q17,14,14,14,0.0,0.0,0.0,0.5,0.5,0.0,0.5,0.5,0.0,3.971119689941406,3.6817398071289062,-0.2893798828124998,0.18997371995574214,0.11492863184466842,-0.07504508811107372,6.24521484375,5.67646484375,-0.5687500000000005
Q17,15,15,15,0.0,0.0,0.0,0.5,0.4,-0.09999999999999998,0.5,0.4,-0.09999999999999998,3.425315189361572,3.0589908599853515,-0.3663243293762206,0.11557100211139186,0.0657506490497326,-0.04982035306165926,5.04755859375,4.44169921875,-0.6058593749999996
Q17,16,16,16,0.0,0.0,0.0,0.4,0.2,-0.2,0.4,0.2,-0.2,2.8523255348205567,2.4452564239501955,-0.40706911087036124,0.06645937137873262,0.03778391583400662,-0.028675455544725996,4.09541015625,3.47451171875,-0.6208984374999997
Q17,17,17,17,0.0,0.0,0.0,0.1,0.0,-0.1,0.1,0.0,-0.1,2.1489596366882324,1.7312623977661132,-0.4176972389221192,0.0335004419030156,0.018914768282411388,-0.01458567362060421,3.11103515625,2.57880859375,-0.5322265625
Q17,18,18,18,0.0,0.0,0.0,0.1,0.0,-0.1,0.1,0.0,-0.1,2.0074368476867677,1.6525558471679687,-0.354881000518799,0.026041316781629575,0.015378233031515264,-0.010663083750114311,3.06552734375,2.50556640625,-0.5599609375000001
Q17,19,19,19,0.0,0.0,0.0,0.0,0.0,0.0,0.0,0.0,0.0,1.5742532730102539,1.245095920562744,-0.32915735244750977,0.014337111882196042,0.008759981196999434,-0.005577130685196607,2.45693359375,1.91298828125,-0.5439453125
Q17,20,20,20,0.0,0.0,0.0,0.0,0.0,0.0,0.0,0.0,0.0,1.602932071685791,1.2664440155029297,-0.3364880561828614,0.012925404734778568,0.008005772240358056,-0.004919632494420512,2.43232421875,1.95341796875,-0.47890624999999987
Q17,21,21,21,0.0,0.0,0.0,0.0,0.0,0.0,0.0,0.0,0.0,1.127425193786621,0.8727302551269531,-0.25469493865966797,0.0069790208195627205,0.00483880231367948,-0.002140218505883241,1.87666015625,1.43759765625,-0.43906250000000013
Q17,22,22,22,0.0,0.0,0.0,0.0,0.0,0.0,0.0,0.0,0.0,0.8839862823486329,0.7038603782653808,-0.18012590408325202,0.004212203767383471,0.0030456574415438807,-0.0011665463258395906,1.75966796875,1.37197265625,-0.3876953125
Q17,23,23,23,0.0,0.0,0.0,0.0,0.0,0.0,0.0,0.0,0.0,0.7129154205322266,0.5682864189147949,-0.14462900161743164,0.003291657500449219,0.0024879551910999,-0.000803702309349319,1.74326171875,1.39970703125,-0.34355468749999996
Q17,24,24,24,0.0,0.0,0.0,0.0,0.0,0.0,0.0,0.0,0.0,0.7112468719482422,0.5740684509277344,-0.1371784210205078,0.002619668104307493,0.0020828321343287826,-0.0005368359699787105,1.68896484375,1.33095703125,-0.3580078124999999
Q17,25,25,25,0.0,0.0,0.0,0.0,0.0,0.0,0.0,0.0,0.0,0.7090095520019531,0.5951471328735352,-0.11386241912841799,0.0024546136090066286,0.0021018893792643214,-0.0003527242297423072,1.37568359375,1.12880859375,-0.24687499999999996
Q17,26,26,26,0.0,0.0,0.0,0.0,0.0,0.0,0.0,0.0,0.0,0.5613583564758301,0.4912540435791016,-0.07010431289672853,0.0018510739668272437,0.001715200639955583,-0.0001358733268716607,1.26552734375,1.10126953125,-0.16425781250000004
Q17,27,27,27,0.0,0.0,0.0,0.0,0.0,0.0,0.0,0.0,0.0,0.5138957977294922,0.44174890518188475,-0.07214689254760748,0.0017101111636293354,0.0014947985036997125,-0.00021531265992962294,1.17373046875,0.88837890625,-0.28535156250000004
Q17,28,28,28,0.0,0.0,0.0,0.0,0.0,0.0,0.0,0.0,0.0,0.33748722076416016,0.27393083572387694,-0.06355638504028321,0.0010099891871504952,0.0008027263753319858,-0.00020726281181850938,1.24228515625,0.93876953125,-0.30351562499999996
Q17,29,29,29,0.0,0.0,0.0,0.0,0.0,0.0,0.0,0.0,0.0,-0.08035173416137695,-0.12378454208374023,-0.04343280792236329,0.0005559548630117206,0.0003753375327505637,-0.00018061733026115685,0.92783203125,0.72412109375,-0.20371093750000002
Q17,30,30,30,0.0,0.0,0.0,0.0,0.0,0.0,0.0,0.0,0.0,-0.8702900886535645,-0.8575364112854004,0.012753677368164129,-0.0004762150610076787,-0.0004388081871184113,3.74068738892674e-05,0.923828125,0.82705078125,-0.09677734375000002
Q17,31,31,31,0.0,0.0,0.0,0.0,0.0,0.0,0.0,0.0,0.0,-0.9339104652404785,-0.8997653007507325,0.03414516448974603,-0.0009865175776212708,-0.0009202546181768412,6.62629594444296e-05,0.16181640625,0.1357421875,-0.02607421874999999
Q18,0,0,0,0.0,0.0,0.0,0.3,0.0,-0.3,0.3,0.0,-0.3,4.285797119140625,1.0438141822814941,-3.241982936859131,0.0883090876373899,0.00477961393962687,-0.08352947369776303,4.17001953125,1.79189453125,-2.3781250000000003
Q18,1,1,1,0.0,0.0,0.0,0.3,0.0,-0.3,0.3,0.0,-0.3,4.105227375030518,1.4142747879028321,-2.690952587127686,0.04323053818188782,0.009889049765115487,-0.033341488416772334,3.80009765625,2.78603515625,-1.0140625
Q18,2,2,2,0.0,0.0,0.0,0.3,0.0,-0.3,0.3,0.0,-0.3,4.544788932800293,-0.7272848129272461,-5.272073745727539,0.12883557712011678,0.0013826868566411577,-0.12745289026347562,4.78525390625,1.78916015625,-2.9960937500000004
Q18,3,3,3,0.0,0.0,0.0,0.3,0.0,-0.3,0.3,0.0,-0.3,4.35416316986084,-0.8776223182678222,-5.231785488128662,0.0735438214684109,0.0010628217303747078,-0.07248099973803619,4.40869140625,1.75830078125,-2.650390625
Q18,4,4,4,0.0,0.0,0.0,0.0,0.0,0.0,0.0,0.0,0.0,3.282146453857422,1.1690500259399415,-2.1130964279174806,0.011560275005103903,0.009844915162102553,-0.0017153598430013507,3.11142578125,2.61181640625,-0.4996093749999999
Q18,5,5,5,0.0,0.0,0.0,0.3,0.1,-0.19999999999999998,0.3,0.1,-0.19999999999999998,3.848093032836914,1.872713851928711,-1.975379180908203,0.028593366844506817,0.00941793173624319,-0.019175435108263625,3.72861328125,2.58056640625,-1.148046875
Q18,6,6,6,0.0,0.0,0.0,0.0,0.1,0.1,0.0,0.1,0.1,3.547056770324707,2.544005298614502,-1.0030514717102053,0.01668744609451096,0.015383124608706566,-0.0013043214858043939,3.23798828125,2.99462890625,-0.24335937499999982
Q18,7,7,7,0.0,0.0,0.0,0.2,0.1,-0.1,0.2,0.1,-0.1,3.8102505683898924,2.7225937843322754,-1.087656784057617,0.030438266951750847,0.013988818783036549,-0.016449448168714298,3.74814453125,3.22822265625,-0.5199218750000001
Q18,8,8,8,0.0,0.0,0.0,0.1,0.1,0.0,0.1,0.1,0.0,3.8730045318603517,2.4983872413635253,-1.3746172904968263,0.03342848468855664,0.008533622807226493,-0.024894861881330145,3.83837890625,3.40712890625,-0.4312499999999999
Q18,9,9,9,0.0,0.0,0.0,0.1,0.1,0.0,0.1,0.1,0.0,4.01060791015625,2.5745241165161135,-1.4360837936401367,0.033040781928502835,0.01376710163858661,-0.019273680289916224,3.91494140625,3.89892578125,-0.01601562500000009
Q18,10,10,10,0.0,0.0,0.0,0.4,0.1,-0.30000000000000004,0.4,0.1,-0.30000000000000004,4.455965328216553,2.2369346618652344,-2.219030666351318,0.06365117512577853,0.008446419007668737,-0.05520475611810979,4.91884765625,3.59228515625,-1.3265624999999996
Q18,11,11,11,0.0,0.0,0.0,0.3,0.1,-0.19999999999999998,0.3,0.1,-0.19999999999999998,4.389924812316894,1.8870628356933594,-2.502861976623535,0.056490386080622554,0.006677902734008967,-0.04981248334661359,4.69033203125,3.17353515625,-1.5167968749999998
Q18,12,12,12,0.0,0.0,0.0,0.3,0.0,-0.3,0.3,0.0,-0.3,4.689811325073242,2.0002558708190916,-2.68955545425415,0.10180977179952606,0.010603915938918362,-0.0912058558606077,5.46650390625,3.95791015625,-1.5085937499999997
Q18,13,13,13,0.0,0.0,0.0,0.3,0.1,-0.19999999999999998,0.3,0.1,-0.19999999999999998,4.648955917358398,2.510701084136963,-2.1382548332214353,0.0882081836938596,0.017542021566987386,-0.07066616212687221,5.45322265625,4.67509765625,-0.7781250000000002
Q18,14,14,14,0.0,0.0,0.0,0.4,0.1,-0.30000000000000004,0.4,0.1,-0.30000000000000004,4.946317863464356,2.9269227027893066,-2.019395160675049,0.09705719241865154,0.023247860747142114,-0.07380933167150944,6.20087890625,4.91376953125,-1.287109375
Q18,15,15,15,0.0,0.0,0.0,0.1,0.1,0.0,0.1,0.1,0.0,4.1260809898376465,2.5604435920715334,-1.565637397766113,0.03528066115504771,0.009647212766503798,-0.02563344838854391,4.92666015625,3.88525390625,-1.0414062499999996
Q18,16,16,16,0.0,0.0,0.0,0.1,0.0,-0.1,0.1,0.0,-0.1,3.4865540504455566,1.924569797515869,-1.5619842529296875,0.017507485735040972,0.003834611015554401,-0.01367287471948657,4.27392578125,2.84892578125,-1.4249999999999998
Q18,17,17,17,0.0,0.0,0.0,0.0,0.0,0.0,0.0,0.0,0.0,2.577441692352295,1.47225980758667,-1.105181884765625,0.005643522158425185,0.0019733698525669753,-0.0036701523058582097,3.37744140625,2.29384765625,-1.08359375
Q18,18,18,18,0.0,0.0,0.0,0.0,0.0,0.0,0.0,0.0,0.0,2.4249911308288574,1.6507575988769532,-0.7742335319519043,0.004275853330545943,0.0021132255915290443,-0.0021626277390168983,3.18251953125,2.43056640625,-0.751953125
Q18,19,19,19,0.0,0.0,0.0,0.0,0.0,0.0,0.0,0.0,0.0,2.018938446044922,1.1844753265380858,-0.8344631195068359,0.0025285641644586577,0.0010152542043215362,-0.0015133099601371215,2.60751953125,1.77236328125,-0.8351562499999998
Q18,20,20,20,0.0,0.0,0.0,0.0,0.0,0.0,0.0,0.0,0.0,1.74521484375,1.0887226104736327,-0.6564922332763672,0.0017121968772698891,0.0009838418827712303,-0.0007283549944986588,2.35908203125,1.80595703125,-0.5531249999999999
Q18,21,21,21,0.0,0.0,0.0,0.0,0.0,0.0,0.0,0.0,0.0,1.3151777267456055,0.8423292160034179,-0.4728485107421876,0.0011332363650581102,0.0008657823684188771,-0.0002674539966392331,1.68427734375,1.47763671875,-0.20664062500000013
Q18,22,22,22,0.0,0.0,0.0,0.0,0.0,0.0,0.0,0.0,0.0,1.068247127532959,0.7216876983642578,-0.3465594291687012,0.0007748736523353727,0.0005794547647383297,-0.000195418887597043,1.36513671875,1.45869140625,0.09355468749999996
Q18,23,23,23,0.0,0.0,0.0,0.0,0.0,0.0,0.0,0.0,0.0,0.8750827789306641,0.6801249504089355,-0.1949578285217286,0.0005590101278357906,0.0005852161506481934,2.6206022812402764e-05,1.12783203125,1.49326171875,0.3654296874999998
Q18,24,24,24,0.0,0.0,0.0,0.0,0.0,0.0,0.0,0.0,0.0,0.8289595603942871,0.6883787155151367,-0.14058084487915035,0.00046421570332313424,0.0005421459041826893,7.793020085955504e-05,1.10986328125,1.51083984375,0.4009765624999999
Q18,25,25,25,0.0,0.0,0.0,0.0,0.0,0.0,0.0,0.0,0.0,0.750068473815918,0.7282289505004883,-0.02183952331542971,0.0004067149642651202,0.0006243699976039352,0.00021765503333881497,1.01806640625,1.32607421875,0.3080078125000001
Q18,26,26,26,0.0,0.0,0.0,0.0,0.0,0.0,0.0,0.0,0.0,0.6762319564819336,0.5754408836364746,-0.10079107284545896,0.00037245704843371643,0.0004975465853931382,0.0001250895369594218,0.92998046875,1.23779296875,0.30781250000000004
Q18,27,27,27,0.0,0.0,0.0,0.0,0.0,0.0,0.0,0.0,0.0,0.559669017791748,0.38273468017578127,-0.17693433761596677,0.00025619449188525324,0.00023278667031263468,-2.340782157261856e-05,0.79853515625,0.89013671875,0.09160156249999996
Q18,28,28,28,0.0,0.0,0.0,0.0,0.0,0.0,0.0,0.0,0.0,0.506717300415039,0.2087850570678711,-0.29793224334716795,0.00023973970019142143,0.00016365777664759663,-7.608192354382481e-05,0.74228515625,0.90263671875,0.16035156249999993
Q18,29,29,29,0.0,0.0,0.0,0.0,0.0,0.0,0.0,0.0,0.0,0.4498003005981445,-0.1825345993041992,-0.6323348999023437,0.0001935289557877695,-3.882960427290527e-05,-0.00023235856006067478,0.58251953125,0.60302734375,0.0205078125
Q18,30,30,30,0.0,0.0,0.0,0.0,0.0,0.0,0.0,0.0,0.0,0.3255773544311523,-0.9958398818969727,-1.321417236328125,0.00013056364805379416,-0.00018449190256433212,-0.00031505555061812625,0.41767578125,0.48837890625,0.07070312500000003
Q18,31,31,31,0.0,0.0,0.0,0.0,0.0,0.0,0.0,0.0,0.0,0.0757533073425293,-1.0050475120544433,-1.0808008193969727,3.3996176352957266e-05,-0.00019987040732303286,-0.00023386658367599014,0.06474609375,-0.04951171875,-0.1142578125
